"lei","name","country"
"8156003F461C3D10B315","ACANTUS S.P.A.","IT"
"815600EC178EEE69E481","EXETRA S.P.A.","IT"
"789000XDPJFDGEU86P31","INTESA SANPAOLO SPA İTALYA İSTANBUL MERKEZ ŞUBESİ","TR"
"8156001ABCDB9E7C7705","PRESTITALIA S.P.A.","IT"
"222100VKE4U77H2IDP03","PRIVATE EQUITY INTERNATIONAL S.A.","LU"
"549300DR61OKD1UKCK14","FONDO PENSIONE DIPENDENTI EX CARIPRATO","IT"
"222100D7KSQ22ZVMKM20","GAP MANCO","LU"
"213800CBOERFQH934Q10","INTESA SANPAOLO BRASIL S.A. - BANCO MULTIPLO","BR"
"2221001BQYKCFUQGX885","INTESA SANPAOLO SEC SA","LU"
"222100ECVDB4RTLS8E02","IMI INVESTMENTS S.A.","LU"
"5493006UY56V4KORVP94","BANCA COMERCIALĂ “EXIMBANK” S.A.","MD"
"54930009CCENXT9WTF32","INTESA SANPAOLO BANK ALBANIA","AL"
"5493002D2LSSUA5KUB24","AlexBank","EG"
"5493001XF6EC2NJXK304","BANCA INTESA AKCIONARSKO DRUSTVO BEOGRAD","RS"
"815600D20361C46B7C65","INTESA SANPAOLO RE.O.CO. S.P.A. O BREVEMENTE REOCO S.P.A.","IT"
"81560095E5C286EA9562","ISYBANK S.P.A.","IT"
"5493008GCK1NNHETAC81","PBZ STAMBENA ŠTEDIONICA DIONIČKO DRUŠTVO ZA STAMBENU ŠTEDNJU","HR"
"8156000A3437C5E72362","FIDEURAM - INTESA SANPAOLO PRIVATE BANKING ASSET MANAGEMENT - SOCIETA' DI GESTIONE DEL RISPARMIO S.P.A. - IN FORMA ABBREVIATA FIDEURAM ASSET MANAGEMENT SGR S.P.A.","IT"
"213800CGWUEIX6ZHBX50","FONDO PENSIONE APERTO GIUSTINIANO","IT"
"213800CF4E69O3XA2112","FONDO PENSIONE APERTO IL MIO DOMANI","IT"
"2138006QWFK8LX78NL81","PREVIDSYSTEM - FONDO PENSIONE APERTO","IT"
"815600C2B72391A68F89","IW PRIVATE INVESTMENTS SOCIETA' DI INTERMEDIAZIONE MOBILIARE S.P.A.","IT"
"635400PSMCTBZD9XNS47","Intesa Sanpaolo Bank Ireland PLC","IE"
"549300CGLRBLXD8PLZ18","BANCA COMERCIALA INTESA SANPAOLO ROMANIA S.A.","RO"
"549300AQRUHYWYR0T637","Intesa Sanpaolo Holding International S.A.","LU"
"549300UM31PJ24TTSR94","INTESA SANPAOLO VITA S.P.A.","IT"
"549300XGJX6FOWLOI640","FIDEURAM - INTESA SANPAOLO PRIVATE BANKING S.P.A. IN FORMA ABBREVIATA FIDEURAM S.P.A.","IT"
"5493000YZPPFRVZ7PF37","FIDEURAM VITA SPA","IT"
"549300MSY5NIVC0BME80","CIB BANK ZRT.","HU"
"V48XYRSNOB3HY0J4NK61","INTESA SANPAOLO IMI SECURITIES CORP.","US"
"7S8518QC0P5IKHFFCP88","FIDEURAM BANK (LUXEMBOURG) S.A.","LU"
"8156008F4B12928FDE93","FAI PROGETTO ITALIA II","IT"
"815600C0086826921F56","FAI PROGETTO ITALIA","IT"
"81560051C72CA7CA9204","TARGET RENDIMENTO","IT"
"815600600AFFB625A810","INSALUTE SERVIZI S.P.A.","IT"
"81560001A6084D9ACA86","TARGET BOND 2028","IT"
"81560010A66C92CC6B72","PIANO INVESTIMENTO ITALIA","IT"
"747800C0J0M91UBENZ19","INTESA SANPAOLO INTERNATIONAL VALUE SERVICES društvo s ograničenom odgovornošću za usluge informacijskog društva","HR"
"8156002787EC1CD8C660","INTESA SANPAOLO INSURANCE AGENCY SOCIETA' PER AZIONI IN BREVE INTESA SANPAOLO INSURANCE AGENCY S.P.A.","IT"
"5493006DBSUPUBTAB556","FAI MERCATI PRIVATI SOSTENIBILI","IT"
"8156004EEAF599C9DB95","BAP PENSIONE 2007 FONDO PENSIONE APERTO","IT"
"549300BDVRZX5RFNPT16","FAI MERCATI PRIVATI OPPORTUNITA' REALI","IT"
"81560081EB02F8095508","EURIZON CAPITAL REAL ASSET SOCIETA' DI GESTIONE DEL RISPARMIO S.P.A.","IT"
"5493005CZJH1DM3UY563","FAI MERCATI PRIVATI EUROPEI","IT"
"549300ZYVRX9U4H2G182","FAI MERCATI PRIVATI GLOBALI","IT"
"747800D0K28ITZ1G2898","Društvo za upravljanje otvorenim investicionim fondom sa javnom ponudom Intesa Invest ad Beograd","RS"
"254900BU7YAMM7MTXB84","Reyl & Co. (UK) LLP","GB"
"549300XXMXUO9TJN5940","Lux Gest Asset Management S.A.","LU"
"506700CX762Q165KF826","REYL Overseas AG","CH"
"254900E6900SXE7ZK016","SOCIETE DE DEVELOPPEMENT ET DE FINANCEMENT HOLDING S.A., SPF","LU"
"549300OPF00Q4W8XUQ95","REYL SINGAPORE HOLDING PTE. LTD.","SG"
"549300U08TTKCUFWTC83","REYL SINGAPORE PTE. LTD.","SG"
"549300KRHG5GM7DXKE41","REYL & Cie SA","CH"
"5493007UJW4N82PLDU29","Intesa Sanpaolo Harbourmaster III S.A.","LU"
"549300FOQJLKUZUYXS78","FIDEURAM ALTERNATIVE INVESTMENTS - PRIVATE MARKETS INSIGHT FUND","IT"
"549300OJ66SPKX006J87","FIDEURAM ALTERNATIVE INVESTMENTS - PRIVATE DEBT SPECIAL OPPORTUNITIES FUND","IT"
"097900BHF50000076475","VÚB Generali dôchodková správcovská spoločnosť, a.s.","SK"
"815600812B9FCEADA322","PIANO BILANCIATO ITALIA 30","IT"
"8156002AD3004B9EC878","PIANO BILANCIATO ITALIA 50","IT"
"815600DE4E187F69E210","PIANO AZIONI ITALIA","IT"
"815600F2507D2B946442","FONDO PENSIONE APERTO UBI PREVIDENZA","IT"
"81560075E90A817C8F48","FONDO PENSIONE FIDEURAM - FONDO PENSIONE APERTO","IT"
"5493006GEIBUF7U0CX27","Eurizon HR Short Term Bond fond","HR"
"81560058D9F02B0FCD27","INTESA SANPAOLO ASSICURA S.P.A.","IT"
"815600F2CB73D0455054","INTESA SANPAOLO RBM SALUTE S.P.A.","IT"
"253400UNEGHE8LX7H451","Акционерное общество ""Интеза Лизинг""","RU"
"549300Y7J8F0WHPKAO48","CIB RENT OPERATÍV LÍZING ZÁRTKÖRŰEN MŰKÖDŐ RÉSZVÉNYTÁRSASÁG","HU"
"549300IUOQXDZBVFHK88","Intesa Sanpaolo banka d.d. Bosna i Hercegovina","BA"
"815600978329D468F632","NEVA SOCIETA' DI GESTIONE DEL RISPARMIO S.P.A. O, IN FORMA ABBREVIATA, NEVA SGR S.P.A.","IT"
"549300O1LRG9PS8TF186","Intesa Sanpaolo Real Estate S.A.","LU"
"8156000E8FB84A303504","SOCIETA' ITALIANA DI REVISIONE E FIDUCIARIA S.I.RE.F.S.P.A IN FOR MA ABBREVIATA SIREF FIDUCIARIA S.P.A. O SIREFID S.P.A.","IT"
"253400D2DDB0E8JXA126","Акционерное общество ""Банк Интеза""","RU"
"549300JR63IQRTE0HQ66","PBZ-NEKRETNINE društvo s ograničenom odgovornošću za promet nekretninama, graditeljstvo, trgovinu i usluge","HR"
"5493001T7NJUN529UI86","PBZ CARD D.O.O.","HR"
"549300TKZ65QBK75OV06","FIDEURAM MASTER SELECTION BALANCED","IT"
"549300YXAEXHJ3XN3U92","CIB LÍZING ZÁRTKÖRŰEN MŰKÖDŐ RÉSZVÉNYTÁRSASÁG","HU"
"529900BUTOYN9W7Y6103","Eurizon Asset Management Hungary Zártkörűen Működő Részvénytársaság","HU"
"635400H9NIJ5SQ65LG47","Intesa Sanpaolo Life Designated Activity Company","IE"
"213800LH8X28724UZ616","INTESA SANPAOLO PRIVATE BANK (SUISSE) MORVAL SA","CH"
"8156004F298245FBB836","INTESA SANPAOLO PRIVATE BANKING SPA","IT"
"549300H62SNDRT0PS319","INTESA SANPAOLO BANK LUXEMBOURG SA","LU"
"549300DU2TJ72XCUUN84","Eurizon Asset Management Croatia društvo s ograničenom odgovornošću za upravljanje investicijskim fondovima","HR"
"549300FCWICHOEZ1NI68","FIDEURAM MASTER SELECTION EQUITY GLOBAL","IT"
"5493006E7ZWTCS5JKI68","FIDEURAM MASTER SELECTION EQUITY GL. EM. MARKET","IT"
"549300Z8PET0HZ1GOT63","FIDEURAM RISPARMIO ATTIVO","IT"
"5493005WOBFWIL4QR777","FIDEURAM BILANCIATO","IT"
"31570020000000002796","Eurizon Asset Management Slovakia, správ. spol., a.s.","SK"
"5493002DZLHDQ5SJRQ41","FIDEURAM ITALIA","IT"
"549300ECJDDLOVWWL932","Banka Intesa Sanpaolo d.d.","SI"
"549300JB1P61FUTPEZ75","Všeobecná úverová banka, a.s.","SK"
"549300ZHFZ4CSK7VS460","PRIVREDNA BANKA ZAGREB - DIONIČKO DRUŠTVO","HR"
"81560007FA7AC2BE5C45","MEDIOLANUM PRIVATE MARKETS ITALIA II","IT"
"529900508MSGTKVQKZ11","Bankhaus August Lenz & Co. Aktiengesellschaft","DE"
"6354009ID2MV2SNNYS74","Gamax Management AG","LU"
"8156008BFE3F29A7B591","MEDIOLANUM VITA SPA","IT"
"635400QXP44PVCL1QZ57","Mediolanum International Funds Limited","IE"
"635400SCBVV58JBVY513","Mediolanum Asset Management Ltd","IE"
"635400C7L8C5RGY8VK81","Mediolanum International Life Designated Activity Company","IE"
"635400WUHAXT8LPT9E02","Asia Pacific","LU"
"6354002RLNVEPWCULI59","Maxi-Bond","LU"
"635400MNLW6ZCQNKAJ81","Junior","LU"
"9KVDYMLZGG8ZN3RMPY41","MEDIOLANUM GESTIONE FONDI - SOCIETA' DI GESTIONE DEL RISPARMIO PER AZIONI O IN FORMA ABBREVIATA MEDIOLANUM GESTIONE FONDI SGR P.A.","IT"
"815600065A3EB81EC445","MEDIOLANUM PRIVATE MARKETS ITALIA","IT"
"959800T0A4UXULZQ5L09","MEDIOLANUM PENSIONES, SOCIEDAD GESTORA DE FONDOS DE PENSIONES, S.A.","ES"
"9598008TTENY06M2M316","MEDIOLANUM GESTION SGIIC S.A.","ES"
"81560007E889FA36A917","FONDO PENSIONE APERTO PREVIGEST FUND MEDIOLANUM","IT"
"635400JQLACBCQLCKF45","MEDIOLANUM STRATEGIA EURO HIGH YIELD","IT"
"635400F7SMMDVSHMBC67","MEDIOLANUM STRATEGIA GLOBALE MULTI BOND","IT"
"635400DHOJIZJJYGAE85","MEDIOLANUM FLESSIBILE FUTURO SOSTENIBILE","IT"
"635400NPTAOBMC2LW363","MEDIOLANUM RISPARMIO DINAMICO","IT"
"635400YNKKOVP6RFXP53","MEDIOLANUM FLESSIBILE FUTURO ITALIA","IT"
"635400KXBJFOZCXLPP05","MEDIOLANUM FLESSIBILE SVILUPPO ITALIA","IT"
"6354002GQB7AOSJE3W69","MEDIOLANUM FLESSIBILE STRATEGICO","IT"
"5299003L2XAO5PYI2Q46","PEIF II SLP FEEDER 2 LP","GB"
"529900YWYV1BB5FUZK64","DB INVESTMENT PARTNERS LIMITED","GB"
"529900NZ1KGWVI8KQN57","5353 WHMR LLC","US"
"529900X253XLINEUH028","Plantation Bay, Inc.","VI"
"529900EGEA1JYL9ONH25","RREEF India Advisors Private Limited","IN"
"529900VSJSTELS1POT69","DB Structured Holdings Luxembourg S.à r.l.","LU"
"529900BY5GL0ZQFGXT09","Cardea Real Estate S.r.l.","IT"
"254900XL6PTO1ULA2525","DB ESG Conservative SAA (USD) Plus","LU"
"254900H8N4OIT9RZGU93","DB ESG Balanced SAA (USD) Plus","LU"
"529900D4ER03Z4NCGT13","VCJ Lease S.à r.l.","LU"
"529900RE3U5ROGOTXH62","PGI COINVEST I, L.P.","US"
"529900S1RR1VXCC0X459","PGI SECURE BLOCKER I, LLC","US"
"529900L6FR3GXUDX5E97","PGI SECURE SPLITTER I, LLC","US"
"529900471V91AHVTJ560","DB VersicherungsManager GmbH","DE"
"2138003FL72FCO53LM68","HISTRIA INVERSIONES DESIGNATED ACTIVITY COMPANY","IE"
"529900PLMCWKG4WW7813","Deutsche Cayman Ltd.","KY"
"815600DEDFA352D00E75","SOMKID IMMOBILIARE S.R.L.","IT"
"5299005MQKIBQ14EIJ38","DWS Management GmbH","DE"
"529900MJYYIRXZ9YCT59","Elizabethan Management Limited","KY"
"529900MLL87I71PDEL46","Memax Pty. Limited","AU"
"5299002I8P5HGKM83883","Belzen Pty. Limited","AU"
"529900FQYXU2B7BZVK55","LEONARDO III INITIAL GP LIMITED","GB"
"529900C214QOT3ZYD838","DB Municipal Holdings LLC","US"
"529900MAE1EMLUE01896","UKE, s.r.o.","SK"
"529900ZS8OVPXKLRNF83","G.O. IB-US Management, L.L.C.","US"
"529900R1CDB2JWCHM252","DWS CH AG","CH"
"529900QJ7ZMOVPYIE255","BALDUR MORTGAGES LIMITED","GB"
"529900H1DIVOXVUEJT47","RREEF Fund Holding Co.","US"
"529900NVM7Z04DA3LO24","RREEF DCH, L.L.C.","US"
"529900AFQX8RDKITBE67","DBRE Global Real Estate Management US IB, L.L.C.","US"
"5299004WSFDPFLGIU102","Sechste Salomon Beteiligungs- und Verwaltungsgesellschaft mbH","DE"
"5299000NIGT14YW8ZD26","Deutsche Bank Financial Company","KY"
"529900FYAQ4PVMVXVF84","Deutsche Aeolia Power Production Société Anonyme","GR"
"529900G9Z4I79FGUE649","Deutsche Securities, S.A. de C.V., Casa de Bolsa","MX"
"529900GNT5N2FZCW9Q69","Borfield Sociedad Anonima","UY"
"529900VPJF35O5YAHQ53","DB Asset Finance II S.à r.l.","LU"
"529900CRZ2BZ3NEFZK77","Cedar (Luxembourg) S.à r.l.","LU"
"5299000PEFQQEB5OGZ93","Durian (Luxembourg) S.à r.l.","LU"
"529900XP4MMP82P0MO48","Acamar Holding S.A.","LU"
"529900XWDFM4LA695B56","Adara S.A.","LU"
"529900EPV95P6S515H56","Agena S.A.","LU"
"529900G39WULAI8ENL22","DB Asset Finance I S.à r.l.","LU"
"529900KVU8W2OYJERL94","BT GLOBENET NOMINEES LIMITED","GB"
"5299003RMY6TOGE8F046","DB Beteiligungs-Holding GmbH","DE"
"529900GP2VK1XGLGOE50","Delowrezham de México S. de R.L. de C.V.","MX"
"529900A0PRZXNZCC4O52","Triton Fund III G L.P.","JE"
"529900TSB7EHGU25F006","Caribbean Resort Holdings, Inc.","US"
"529900MEY9ARGNPPPE18","Kelsey Street LLC","US"
"529900Y13HTC1VQRQ684","Zumirez Drive LLC","US"
"529900N7IBZHYLZHHW02","Singer Island Tower Suite LLC","US"
"529900MTD4K18WPZFU73","Deutsche Bank (Uruguay) Sociedad Anónima Institución Financiera Externa","UY"
"529900S8GVBA9SFCOD21","DB SERVIZI AMMINISTRATIVI S.R.L.","IT"
"5299005404YKMA1T4086","Deutsche Securities (India) Private Limited","IN"
"52990003G0GD0V8KMG88","Deutsche Bank Trust Company, National Association","US"
"5299002RAQ8UIG1NFQ40","GAC-HEL II, Inc.","US"
"529900GOHDG5JKIJXT78","DWS Investments Japan Limited","JP"
"529900CYV0ZFIVHSVX42","Deutsche Strategic Investment Holdings Yugen Kaisha","JP"
"529900H1P7U7R7YOHU61","DBRE Global Real Estate Management IB, Ltd.","KY"
"529900C6342MV7MEQR46","LINDSELL FINANCE LIMITED","MT"
"529900W1WNE13J119S06","Deutsche Mexico Holdings S.à r.l","LU"
"529900U7AT9B9UMLXG16","Deutsche Bank National Trust Company","US"
"529900Y3U56W0GL6NC56","Deutsche Group Holdings (SA)","ZA"
"529900L30KXGWK6CUD24","DWS Far Eastern Investments Limited","TW"
"529900C14HKIZU3NHI50","Deutsche Securities (SA) (Proprietary) Limited","ZA"
"529900H86EC4DAO59C26","DWS Trust Company","US"
"5299005GOY3TFCTOQB47","DWS Investments Shanghai Limited","CN"
"529900S1A96YDD1JGH51","DBRMSGP1","KY"
"52990070XL8QPES0SM31","Alex. Brown Financial Services Incorporated","US"
"529900FIASFWYG4LDJ94","Alex. Brown Investments Incorporated","US"
"529900UGZL7PHL4KTV29","Argent Incorporated","US"
"52990047I84DVP5HEZ85","ABFS I Incorporated","US"
"529900KCLVX8UHHD6M83","Jyogashima Godo Kaisha","JP"
"529900BSQ2VSODGMGR72","DWS Asset Management (Korea) Company Limited","KR"
"529900P46RLVHS16T127","LAWL Pte. Ltd.","SG"
"5299001FY9JVMVC0LO38","Kidson Pte Ltd","SG"
"529900M16K5ETQQEXE12","DBR Investments Co. Limited","KY"
"529900HGYA9IQ1OF0X23","LA Water Holdings Limited","KY"
"5299001W9PYB6TA79Z28","Deutsche Bank Representative Office Nigeria Limited","NG"
"529900RODWQNN1GDC463","Deutsche Finance No. 2 Limited","KY"
"5299005N8WCZ67Q76N96","Elizabethan Holdings Limited","KY"
"529900JYUND014UQ0P58","NCW Holding Inc.","CA"
"529900DD5SKKGUNXWV81","DB Strategic Advisors, Inc.","PH"
"529900KVW94VJZZKLS55","Cathay Capital Company (No 2) Limited","MU"
"529900HG10Y7ZW033G21","Cathay Asset Management Company Limited","MU"
"529900RX8DKTJ81MHL26","DWS Investments Hong Kong Limited","HK"
"529900IZCOKCTPEKN750","Bayan Delinquent Loan Recovery 1 (SPV-AMC), Inc.","PH"
"529900K3OOVQYCUI7O21","DB Nominees (Hong Kong) Limited","HK"
"529900SM0L6ZWFTHKD27","DEUTSCHE SERVICES POLSKA SPÓŁKA Z OGRANICZONĄ ODPOWIEDZIALNOŚCIĄ","PL"
"529900YBCHPCBU0CBV03","DWS INVESTMENTS SINGAPORE LIMITED","SG"
"529900D1WE146R9SDZ88","TEMPURRITE LEASING LIMITED","GB"
"5299005XTWXW51FR9A63","RREEF EUROPEAN VALUE ADDED I (G.P.) LIMITED","GB"
"529900IC1PRZQNIW7P31","DEUTSCHE HOLDINGS LIMITED","GB"
"529900SOB5CXRQN8QG83","DB UK PCAM HOLDINGS LIMITED","GB"
"5299001GRQUZADRADN70","DBUK PCAM LIMITED","GB"
"529900UUPS52ZOCZKF69","Deutsche Capital Partners China Limited","KY"
"529900SWZG9FZS4PPH60","DB CARTERA DE INMUEBLES 1 SA","ES"
"529900M5R358Y7RFZC10","DWS GROUP SERVICES UK LIMITED","GB"
"5299007T18XBURKJ1V64","DWS Distributors, Inc.","US"
"529900JBPP7HAVCM8C23","Deutsche Mortgage & Asset Receiving Corporation","US"
"529900CQVDVATODQA941","DWS Service Company","US"
"529900RO45LRDMWLRI57","DB USA Corporation","US"
"529900BEHEWCLZGHHQ76","DB U.S. Financial Markets Holding Corporation","US"
"529900JDQCI0C5WDB796","DB USA Core Corporation","US"
"529900F895EWIYOGOY61","DB Services Americas, Inc.","US"
"529900NAJQOFVVBADA34","DB Private Clients Corp.","US"
"529900ED9KS8PXXGV873","Private Financing Initiatives S.L.","ES"
"529900CYMVBQDMUMAG81","EUROPEAN VALUE ADDED I (ALTERNATE G.P.) LLP","GB"
"5299007OX9HAC1QNPW69","DB Investment Managers, Inc.","US"
"529900SWPDY3ZOZ2RU29","DBOI GLOBAL SERVICES (UK) LIMITED","GB"
"529900MQH538RON6BD44","DEUTSCHE HOLDINGS NO.2 LIMITED","GB"
"529900AWZSNTMVWDBE17","DEUTSCHE HOLDINGS NO.4 LIMITED","GB"
"529900UPLYF0ICC0OI44","DB INTERNATIONAL INVESTMENTS LIMITED","GB"
"52990026WU4MWFA1P303","DB LONDON (INVESTOR SERVICES) NOMINEES LIMITED","GB"
"529900OMA6G6HP7X5523","DEUTSCHE NOMINEES LIMITED","GB"
"5299000FVVZY394D6H21","DB Direkt GmbH","DE"
"529900IUZNMH9ABKN916","DEUTSCHE NEW ZEALAND LIMITED","NZ"
"529900X0PJHKD14SK005","Deutsche Custody N.V.","NL"
"529900H41D78WI2NVK13","Deutsche Investments (Netherlands) N.V.","NL"
"5299003VIYC2WWC2MC88","DB Intermezzo LLC","US"
"529900XW0MDD0HF0VN23","DB Global Technology, Inc.","US"
"529900RRSFST343TZB58","DB Equipment Leasing, Inc.","US"
"529900R6B2KGUI1XI539","TELO Beteiligungsgesellschaft mbH","DE"
"529900LTSPTSG68IMO65","DB OPERACIONES Y SERVICIOS INTERACTIVOS SL","ES"
"529900LHOWX8W5SFFF95","DB Boracay LLC","US"
"529900HTTKWH3JNK9335","DB Alex. Brown Holdings Incorporated","US"
"529900XH9ODJ6HNC1W03","OOO ""Deutsche Bank TechCentre""","RU"
"529900QJ7JSKVLQ18G57","DB Global Technology SRL","RO"
"5299008NE00H3YQEL294","NAVEGATOR - SGFTC S.A.","PT"
"529900BP3CJL3VRPPD14","Deutsche Trustees Malaysia Berhad","MY"
"529900LK05HKEZ736735","DB Corporate Advisory (Malaysia) Sdn. Bhd.","MY"
"52990045Q7IO9Q9Y3M29","Deutsche Postbank Finance Center Objekt GmbH","LU"
"5299006M9OCS0I000683","Amber Investments S.à r.l.","LU"
"529900TJTZEIUCN4BN62","IVAF I Manager, S.à r.l.","LU"
"5299006ZN3B3EAG6E975","PRIVATE EQUITY ASIA SELECT COMPANY III S.à r.l.","LU"
"529900FZ18K4CHUQAV85","PRIVATE EQUITY GLOBAL SELECT COMPANY V S.à r.l.","LU"
"5299005D6XBMEK9KLI47","MEF I Manager, S. à r.l.","LU"
"5299003A4YELZSL89054","DB Private Equity International S.à r.l.","LU"
"529900JFVQC0P8BAQO25","PRIVATE EQUITY SELECT COMPANY S.àr.l.","LU"
"529900MDEX24DPUXO876","Franz Urbig- und Oscar Schlitter-Stiftung Gesellschaft mit beschränkter Haftung","DE"
"5299005KUSNDWVGO8E69","PRIVATE EQUITY GLOBAL SELECT COMPANY IV S. à r.l.","LU"
"529900QCKZM6WSIFQN07","D&M Turnaround Partners Godo Kaisha","JP"
"529900NWNZBC49AB6198","LONDON INDUSTRIAL LEASING LIMITED","GB"
"529900598KUP7JQ9R531","Deutsche Asset Management (India) Private Limited","IN"
"529900K9ENYPTKECK071","Deutsche Equities India Private Limited","IN"
"529900W3EA0FD023IF15","Deutsche India Holdings Private Limited","IN"
"529900U28ZJDY22FJA32","DB SERVICE CENTRE LIMITED","IE"
"529900A766VIVHCZI298","DEUTSCHE INTERNATIONAL CORPORATE SERVICES (IRELAND) LIMITED","IE"
"529900B15CRV4CIEWN19","Thai Asset Enforcement and Recovery Asset Management Company Limited","TH"
"5299002X77REUXF48O72","Postbank Systems AG","DE"
"529900FBJKI4DP1JRG14","Postbank Leasing GmbH","DE"
"529900D3N8Y9MM5SRE67","Postbank Filialvertrieb AG","DE"
"529900Y6FEIUGQNZ1D55","Postbank Direkt GmbH","DE"
"529900TX0LIN4445VN54","Postbank Beteiligungen GmbH","DE"
"5299002SRAEOQQ5YMZ55","Deutsche Immobilien Leasing GmbH","DE"
"5299007CQ7QQYFIVNV49","CAM Private Equity Verwaltungs-GmbH","DE"
"529900FGTUG6XHFKKL25","CAM Private Equity Nominee GmbH & Co. KG","DE"
"529900Y27INP44RNFW94","CAM PE Verwaltungs GmbH & Co. KG","DE"
"529900BIXCGW2FAOA038","CAM Initiator Treuhand GmbH & Co. KG","DE"
"529900NAX3225UV0A763","BHW Holding GmbH","DE"
"529900125QMP3CVGD297","BHW - Gesellschaft für Wohnungswirtschaft mbH","DE"
"5299002NC6XQ4TP2EC59","Betriebs-Center für Banken AG","DE"
"529900NLN09OGDQ8SP33","VCM Treuhand Beteiligungsverwaltung GmbH","DE"
"5299002L9O49LY2R2C40","VCP Treuhand Beteiligungsgesellschaft mbH","DE"
"529900UHDAFWQ87PM255","Finanzberatungsgesellschaft mbH der Deutschen Bank","DE"
"529900XGDXLEX5L16R90","VÖB-ZVD Processing GmbH","DE"
"529900E2KUUI0H5RT825","DB HR Solutions GmbH","DE"
"5299006MRMFYKKQU4A96","DB Industrial Holdings Beteiligungs GmbH & Co. KG","DE"
"529900EYYGOCP4180B15","PCC Services GmbH der Deutschen Bank","DE"
"529900YZU9XKSWD2CJ83","DB Management Support GmbH","DE"
"529900VE4DGRT7DYCV17","DB Nominees (Jersey) Limited","JE"
"529900W78UFK804DRB50","DB Print GmbH","DE"
"529900EULFVPFVFQE927","DB Private Equity Treuhand GmbH","DE"
"529900O5U0HI73M27T05","DB Services (Jersey) Limited","JE"
"529900D512IDVPTNA350","DEUKONA Versicherungs-Vermittlungs-GmbH","DE"
"5299007T8YAN2HMK3A24","RoPro U.S. Holding, Inc.","US"
"5299006TTH3L261N9M28","DEBEKO Immobilien GmbH & Co Grundbesitz OHG","DE"
"529900OT0RA0QHZML224","DEE Deutsche Erneuerbare Energien GmbH","DE"
"529900J5LZ8NSD1NDD83","Mezzanine Capital USA II (MC-US II) GmbH & Co. KG","DE"
"529900SWYVP0QMM8S558","SAPIO Grundstücks-Vermietungsgesellschaft mbH","DE"
"529900LJ3ZRKEDU0CF57","DWS Real Estate GmbH","DE"
"529900OB9X1DTXJ7MD63","SAB Real Estate Verwaltungs GmbH","DE"
"529900M2KOAB3OD3C406","SAGITA Grundstücks-Vermietungsgesellschaft mbH","DE"
"529900HOV70V5IBRYZ19","Konsul Inkasso GmbH","DE"
"529900EASTFJG5LOZF27","Leasing Verwaltungsgesellschaft Waltersdorf mbH","DE"
"529900NU19Y3EQLWRP08","DEUTSCHE INTERNATIONAL CORPORATE SERVICES (DELAWARE) LLC","US"
"529900ETVH54K2OIRO19","RREEF America L.L.C.","US"
"529900P9BPJMXLDBRO14","Mezzanine Capital USA (MC-US) GmbH & Co. KG","DE"
"529900UEE0B99ZWD8Z43","OPPENHEIM Flottenfonds V GmbH & Co. KG","DE"
"529900THBFKA4IXJAS93","PADUS Grundstücks-Vermietungsgesellschaft mbH","DE"
"529900AAJLUQXDXZJ880","PB Factoring GmbH","DE"
"529900ZMU1VN7KMRI261","Sharps SP I LLC","US"
"529900FO49LVGHYC4065","Mezzanine Capital Europe II (MC-EU II) GmbH & Co. KG","DE"
"529900TXDENGJTJ0D523","RREEF North American Infrastructure Fund B, L.P.","US"
"529900MROZMQDGZL9709","KEBA Gesellschaft für interne Services mbH","DE"
"529900WZLAKGNSOHOW26","DISCA Beteiligungsgesellschaft mbH","DE"
"529900BE2TCQGOJQ2J80","SALUS Grundstücks-Vermietungsgesellschaft mbH & Co. Objekt Dresden KG","DE"
"529900WVPR11634UDH19","Süddeutsche Vermögensverwaltung Gesellschaft mit beschränkter Haftung","DE"
"529900Z07G6XJU1QOH63","Deutsche Bank Holdings, Inc.","US"
"529900KICPL7I3LLP264","Deutsche Gesellschaft für Immobilien-Leasing mit beschränkter Haftung","DE"
"529900JUYWPVJ3EAX160","Deutsche Postbank Funding Trust III","US"
"529900OT13W2RD3VUT30","Deutsche Postbank Funding Trust I","US"
"529900KRQNFT92BXR447","Deutsche Bank Trust Company Delaware","US"
"529900RBERZ83V1GT415","Deutsche Postbank Funding LLC III","US"
"52990053M7DZ6RC6OI62","Deutsche Postbank Funding LLC I","US"
"529900YHRPQXXQ333M09","DBX Advisors LLC","US"
"529900FGBJM9Q144U153","PAN AUSTRALIAN NOMINEES PTY LTD","AU"
"529900WYFA4QVEYXU932","DEUTSCHE GROUP SERVICES PTY LIMITED","AU"
"529900KIEO01K9NR3351","Greenwood Properties Corp.","US"
"5299006FEUM0TNPY9T06","Joint Stock Company ""Deutsche Bank DBU""","UA"
"5299001S0UX9P9NSG675","OPB-Quinta GmbH","DE"
"529900UJ3VCGEG5FAR32","OPB Verwaltungs- und Treuhand GmbH","DE"
"529900LNCHTCY7CJM526","OPB-Oktava GmbH","DE"
"529900OZFVACL1HL5L86","HTB Spezial GmbH & Co. KG","DE"
"529900962NO9K94FW987","OPPENHEIM Capital Advisory GmbH","DE"
"529900T09N5VNI0O4G02","OPPENHEIM PRIVATE EQUITY Verwaltungsgesellschaft mbH","DE"
"5299009KLCHHVQ1C0648","Sal. Oppenheim jr. & Cie. Beteiligungs GmbH","DE"
"529900CKC4TXHVRKX638","Deutsche Securities Saudi Arabia (a closed joint stock company)","SA"
"529900DM9MKEQU4TQH74","Deutsche Securities Israel Ltd.","IL"
"529900NS3GMIJVLSH116","Deutsche Global Markets Limited","IL"
"529900IDIVPXHQ72XG19","DWS INVESTMENTS UK LIMITED","GB"
"52990058YIHY59G9ZR75","DB Capital Markets (Deutschland) GmbH","DE"
"529900K911JOYFNMOV10","Deutsche Nederland N.V.","NL"
"529900AJVHJLY2I8FE09","Deutsche Holdings (Grand Duchy)","LU"
"529900T7JM5LU7WW2F55","DB Valoren S.à r.l.","LU"
"549300R5TAJSKHCHDS02","DWS Beteiligungs GmbH","DE"
"5299001N6TTST53P3690","DB Investment Services GmbH","DE"
"529900WMBOJTFWCJ6Z71","norisbank GmbH","DE"
"529900AZS6GG6GBDMN90","Deutsche Bank Securities Limited","CA"
"213800QILIUD4ROSUO03","Deutsche Bank Europe GmbH","DE"
"549300TPJCLC0OHGM008","DWS International GmbH","DE"
"6354002CRGHLJFNUZQ44","DEUTSCHE ALTERNATIVE ASSET MANAGEMENT (UK) LIMITED","GB"
"635400VPPM8R1SOESU52","DWS ALTERNATIVES GLOBAL LIMITED","GB"
"529900E7W7M9W46YY476","Deutsche Bank (China) Co., Ltd.","CN"
"5299005NAKLU4RTUM275","Fundo de Investimento em Direitos Creditórios Não-Padronizados - Precatórios Federais DB I","BR"
"529900EXEXHRQZ2OMZ10","DB Master Fundo de Investimento em Direitos Creditórios Não-Padronizados de Precatórios Federais","BR"
"789000N5SE3LWDK7OI11","DEUTSCHE BANK ANONİM ŞİRKETİ","TR"
"549300L70BS183Y6ML67","DWS Investment S.A.","LU"
"549300K0BHJ9BX9J8J87","DWS Investment GmbH","DE"
"529900WE0D9FIB4EQI28","Philippine Opportunities for Growth and Income (SPV-AMC), INC.","PH"
"529900CY5PNRH6PKLW03","DB Ganymede 2006 L.P.","KY"
"529900UG56KYKECM6Q19","DEUTSCHE COLOMBIA S A S EN LIQUIDACION","CO"
"529900XRRQ2VSM2MOR55","DBNZ OVERSEAS INVESTMENTS (NO. 1) LIMITED","KY"
"529900TG4CYRYQDR5865","DBCIBZ1","KY"
"529900ALO5QOEB2LEB63","DB Omega Ltd.","KY"
"5299001W3P545EI0TK57","DB UK Australia Finance Limited","KY"
"529900UOHCIHB2SSXV67","DB RMS Leasing (Cayman) L.P.","KY"
"529900TLQ4DI9HXIAP49","DB Chestnut Holdings Limited","KY"
"529900UCQCQZKSK22F41","DB (Barbados) SRL","BB"
"529900BVN6NPN8R4A847","DB AOTEAROA INVESTMENTS LIMITED","KY"
"529900JP8FJPSAM5CH61","New 87 Leonard, LLC","US"
"529900NRU8XMPR3BIF43","87 Leonard Development LLC","US"
"529900RC0O6Y0E636W87","GWC-GAC Corp.","US"
"52990007MC5RPMUF1R85","DB Aster II, LLC","US"
"529900RORFAT7O737L93","GAC-HEL, Inc.","US"
"529900DGSQR7P9L7FM63","DB Aster, LLC","US"
"529900HID1ZVXU8NT789","DB Aster, Inc.","US"
"52990052Q1R965JND538","Azurix Corp.","US"
"529900FBH1QTG14BVE92","Manta Acquisition LLC","US"
"529900ZPM0RMT25YSF79","Manta Group LLC","US"
"5299008MH02ITLP1VC43","DB Litigation Fee LLC","US"
"529900VELVP73ZAHIO43","CHINA RECOVERY FUND, LLC","US"
"529900PWIXRQXV72NZ40","Cinda - DB NPL Securitization Trust 2003-1","US"
"529900P9PO1KIFXL1Q18","ECT Holdings Corp.","US"
"529900GTK8H8QFIK4697","DB Green Holdings Corp.","US"
"529900ONCW2ZRPJIU019","DB Investment Resources Holdings Corp.","US"
"529900CYRSQHASADDO34","PARTS Funding, LLC","US"
"529900C3CVON40JOYH55","Kingfisher Holdings LLC","US"
"52990021U40DYSDLV579","DB Investment Resources (US) Corporation","US"
"529900W3X0FP5PHQGK42","Deutsche Bank Contingent Capital Trust IV","US"
"529900Y6XDJVFIL8X091","Deutsche Bank Contingent Capital LLC IV","US"
"529900XL7PBQEL6AW973","DEUTSCHE BANK CONTINGENT CAPITAL TRUST III","US"
"52990066NTXYO6LXAF31","Deutsche Bank Contingent Capital LLC III","US"
"529900NZEAS6DR7N9T89","Deutsche Bank Capital LLC I","US"
"5299000ALLPGKHTTUV74","Deutsche Bank Capital Trust I","US"
"5299008B6YR6B0NVDR34","MortgageIT, Inc.","US"
"5299001ICGNKKWDL1557","MortgageIT Securities Corp.","US"
"529900JRUMEIH0YZZB14","MIT Holdings, Inc.","US"
"529900I2AF2XKBZP9N53","Deutsche Asia Pacific Finance, Inc.","US"
"529900YNWHYCU679WE23","DBFIC, Inc.","US"
"529900WQR8MCSBPFID11","DBUSBZ2, S.à r.l.","LU"
"529900I4PZHJOAZWYS86","DB Overseas Finance Delaware, Inc.","US"
"5299003PHX37VW6Q3M45","DB IROC LEASING CORP.","US"
"52990018GZ847BVNVH28","DB Chambers Limited","KY"
"529900YU74RHC7QYS662","DB Finance (Delaware), LLC","US"
"5299004F63MU38YGWV29","Swabia 1. Vermögensbesitz-GmbH","DE"
"529900UK1NI11U9GYA54","DB IMPACT INVESTMENT (GP) LIMITED","GB"
"529900NM6WQ3LADCOM74","Erste Frankfurter Hoist GmbH","DE"
"529900876IR1IQJD7Y91","REFERENCE CAPITAL INVESTMENTS LIMITED","GB"
"5299009R5QPQNC289O97","Harbour Finance Limited","IE"
"529900RS516PKOGWEV80","Motion Picture Productions One GmbH & Co. KG","DE"
"529900S1LZOT70TOMA56","MPP Beteiligungsgesellschaft mbH","DE"
"529900R54FIEI2HXHH86","PERUDA LEASING LIMITED","GB"
"529900TRRKOG3M46JN80","TRIPLEREASON LIMITED","GB"
"5299003BH0JNNF824478","DB IMPACT INVESTMENT FUND I, L.P.","GB"
"529900UKTXP0UD6IGX72","Consumo Srl In Liquidazione","IT"
"529900HHE04GA1UV8Y59","OASIS SECURITISATION S.R.L.","IT"
"52990052XWX10DKD6820","DB Credit Investments S.àr.l.","LU"
"5299007NUHEK3805DE85","Quartz No. 1 S.A.","LU"
"529900C4MN0KMLK0ZV67","DEUTSCHE OVERSEAS ISSUANCE NEW ZEALAND LIMITED","NZ"
"529900UAOOLD0QK6RL11","DEUTSCHE DOMUS NEW ZEALAND LIMITED","NZ"
"529900YE6Y95CVL67825","DEUTSCHE CAPITAL FINANCE (2000) LIMITED","KY"
"52990043Y7PWJD1G2108","DEUTSCHE FORAS NEW ZEALAND LIMITED","NZ"
"529900EHFBA8MNCV8M81","OOO ""Deutsche Bank""","RU"
"529900VP4MWYCP3LZM61","DEUTSCHE (NEW MUNSTER) HOLDINGS NEW ZEALAND LIMITED","NZ"
"529900MEJVKCGUA49N75","DEUTSCHE (AOTEAROA) FOREIGN INVESTMENTS NEW ZEALAND","NZ"
"5299003FJJT3S2632K89","DEUTSCHE (AOTEAROA) CAPITAL HOLDINGS NEW ZEALAND","NZ"
"529900S3CB25TCZKIM51","Deutsche Investments India Private Limited","IN"
"529900D90NAWLSQNTI12","Deutsche Securities Asia Limited","HK"
"529900J30GWJRSJWJL27","DEUTSCHE CAPITAL MARKETS AUSTRALIA LIMITED","AU"
"529900RBBY9KAI62TL24","DEUTSCHE AUSTRALIA LIMITED","AU"
"529900PP5INPXJG8JM22","Deutsche Leasing New York Corp.","US"
"5299007CCQ08GGNCO102","DEUTSCHE INDIA PRIVATE LIMITED","IN"
"529900J0N5FYROZOL786","Deutsche Securities Korea Co.","KR"
"529900JA77IQLWAUIY31","Deutsche Bank Trust Corporation","US"
"52990079PPW7G6DP9O83","DEUTSCHE KNOWLEDGE SERVICES PTE. LTD.","SG"
"529900X1YMA4ZKYHTN40","Deutsche Bank Americas Holding Corp.","US"
"529900DD60KVXR4FVW12","DEUTSCHE ASIA PACIFIC HOLDINGS PTE LTD","SG"
"529900K4SIZHA5HDEF79","DBAH Capital, LLC","US"
"529900HIRE2SFBYJFM92","DB Structured Products, Inc.","US"
"5299003WG7KATU7TAB06","DB HOLDINGS (NEW YORK), INC.","US"
"529900FADJ7991WGZ734","DB Structured Derivative Products, LLC","US"
"529900R8SW6D0TOM4Y51","DB GROUP SERVICES (UK) LIMITED","GB"
"5299001R4A9Z0RY8HJ59","German American Capital Corporation","US"
"529900G4O4VLOG0B5168","Deutsche Holdings (Luxembourg) S.à r.l.","LU"
"529900EXN20KY0ZUFI54","Deutsche Emerging Market Investments (Netherlands) B.V.","NL"
"529900CFOWM2V62I4634","DEUTSCHE BANK POLSKA S.A.","PL"
"529900M56WPQOQL4H945","DB Industrial Holdings GmbH","DE"
"52990030JDQ43FQ8M718","WEPLA Beteiligungsgesellschaft mbH","DE"
"529900S5HVA4QRKPS102","Deutsche Bank S.A. - Banco Alemão","BR"
"529900SS7ZWCX82U3W60","DEUTSCHE BANK S.P.A.","IT"
"529900SICIK5OVMVY186","DEUTSCHE BANK SA ESPAÑOLA","ES"
"529900CK34A0NLD3NN83","Deutsche Securities Inc.","JP"
"529900LNPBJZ4ZZB2G60","Deutsche Services (CI) Limited","JE"
"529900Y3O6X652Z2AN33","DB COVERED BOND S.R.L.","IT"
"529900HNLCDM7X1RJ063","Deutsche Securities (Proprietary) Limited","ZA"
"529900DLWFR8HK7DR278","Deutsche Bank (Malaysia) Berhad","MY"
"5493005EB366SL4UE309","DWS ZEITWERT PROTECT","LU"
"529900A6KXIFZYVGEF38","DB UK HOLDINGS LIMITED","GB"
"5299005YJQDLC0YHHR78","CITY LEASING (THAMESIDE) LIMITED","GB"
"5299006REQ8XX4M6LQ29","CITY LEASING LIMITED","GB"
"529900HNH6UOOF40A490","DB UK BANK LIMITED","GB"
"529900UOUW9VB5CFLB19","D B INVESTMENTS (GB) LIMITED","GB"
"529900YDIT4SCCP1SY38","DWS Grundbesitz GmbH","DE"
"529900ZJSEYT72X34K26","DWS Alternatives GmbH","DE"
"529900396G5HWCV38G39","DB International (Asia) Limited","SG"
"213800D3OXAL3N7T1S19","Tagus - Sociedade de Titularização de Créditos, S.A.","PT"
"529900FIAMEJDQ8C9097","DEUTSCHE BANK LUXEMBOURG S.A.","LU"
"213800RGDNNVUWF1BJ07","DB Finance International GmbH","DE"
"5299003G9CMV5CY1FU81","Deutsche Oppenheim Family Office AG","DE"
"549300U68K8MD40UXJ91","PB Spezial-Investmentaktiengesellschaft mit Teilgesellschaftsvermögen","DE"
"549300Q1TKVLSYVS7C09","DB Private Wealth Mortgage Ltd.","US"
"8EWQ2UQKS07AKK8ANH81","Deutsche Bank Trust Company Americas","US"
"9J6MBOOO7BECTDTUZW19","Deutsche Bank Securities Inc.","US"
"7D9EHZL14BBPJWTN6S08","BHW Bausparkasse Aktiengesellschaft","DE"
"CZ83K4EEEX8QVCT3B128","DWS Investment Management Americas, Inc.","US"
"894500NNGR0CC5PBBG65","Bella Tower ApS","DK"
"894500OT6WTEC44LN041","Bella Tower Holding ApS","DK"
"254900F4L5080YFUQO91","db Advisory Multibrands SICAV","LU"
"254900MHTFH65CWFJP42","DWS Fixed Maturity SICAV","LU"
"254900T6XL98TQSJJM04","DWS Invest II SICAV","LU"
"25490058HC8QF7RJ3827","DB PWM SICAV","LU"
"2549009MHNXJR71JOV82","DWS European Direct Lending Fund SICAV-R","LU"
"254900AB7MI19OOLEE20","DWS Concept","LU"
"254900AJ9I7L7UUYYU04","DWS Strategic","LU"
"254900WMVIZ77ZGIMS83","db PBC SICAV","LU"
"2549001OPWM203W21005","DWS Garant SICAV","LU"
"254900SSMTBGI4WQPI25","DWS Invest","LU"
"254900ZO3PU05KI42S82","DB Vermögensfondsmandat SICAV","LU"
"254900BJQU6FV8FPQ152","db PrivatMandat Comfort SICAV","LU"
"254900DJEPG1R3YK9J68","DWS Funds SICAV","LU"
"254900NMY5MOED23VJ58","DWS Institutional SICAV","LU"
"2549008QKYSJ7Y15KR64","DWS Confirmed Payables Fund","IE"
"254900KI5DXU2KFMJT31","DB Strategic Income Allocation EUR (SIA) Conservative Plus","LU"
"25490037X9QDKOC13793","DB Strategic Income Allocation USD (SIA) Conservative Plus","LU"
"254900S9AEZAZ2VRM856","DB Strategic Income Allocation USD (SIA) Balanced Plus","LU"
"254900KI1ALVIZQQZX24","DB Strategic Income Allocation EUR (SIA) Balanced Plus","LU"
"254900QVFOLJVWB2HH59","ESG Arabesque AI Global Equity","LU"
"254900WJJF84AQA4EN11","Zurich - Zurich Corporate Bonds Medium ESG","LU"
"254900ER2GAN3HN8T134","Zurich - Zurich Government Bonds Medium/Short ESG","LU"
"254900DDS53YGYIDLG57","SDG European Equities","LU"
"254900I5KDSB46XL7O09","ESG Blue Economy","LU"
"254900ZV4OHO6HVJQQ25","DWS Secured Income Fund","IE"
"2549006A5OZLQ3OYQ657","DWS Alternatives (IE) ICAV - DWS CLO Opportunity Fund","IE"
"25490072EC3VZGVO9626","DWS Alternatives (IE) ICAV - DWS ABS Credit Select Fund","IE"
"2549000LYD4Z71E7AT26","Multi Asset 2027 II","LU"
"254900AK05JYXH6SJ944","DWS Fixed Maturity High Yield Bonds 2025 II","LU"
"254900DB28E4TYR5ZI32","Qi Global Climate Action","LU"
"254900DJJZ72SAHA1E19","ESG Next Generation Infrastructure","LU"
"254900BZBEFAFBP7W941","DWS Fixed Maturity - ESG Multi Asset Defensive 2026 II","LU"
"254900RGIHNSOOTM0L46","DWS FLEXPENSION - Euro Fixed Income","LU"
"254900QWU1BGP3Q0R988","Multi Asset 2026 III","LU"
"5493000JDDVBZ8UZSN12","Credit Opportunities","LU"
"549300RKFLN5XSIAGX22","DWS FLEXPENSION - II 2034","LU"
"54930043FXZFYBFAFR66","DWS-FONDS SAM","DE"
"5493005X008R6A2PKW88","DWS INVEST - ONE BELT ONE ROAD","LU"
"254900CUBFX95CP20C14","W.G.F. Assets Limited","VG"
"549300EPNF8GU8VMJJ26","DWS FLEXPENSION - II 2033","LU"
"549300ZU652SN9WBFV30","DWS INVEST - TOP DIVIDEND OPPORTUNITIES","LU"
"549300YFPZE6JASST408","DWS FLEXPENSION - II 2032","LU"
"549300XMUXUL1EJN1237","DWS FLEXPENSION - II 2031","LU"
"549300EEZD541NHWO738","DB PBC - DEUTSCHE BANK BEST ALLOCATION - PROTECT 90","LU"
"529900UE4LUJSN9CBQ27","Deutsche Bank International Trust Co. (Cayman) Limited","KY"
"529900VPPWZDVWS03302","Deutsche Holdings (SA) (Proprietary) Limited","ZA"
"5299009FGMTIO194ZU98","DBRMSGP2","KY"
"5299007PCBRDQNDLIC93","Regula Limited","VG"
"5299009OOAUJ6DWXPS94","DEUTSCHE TRANSNATIONAL TRUSTEE CORPORATION INC.","CA"
"529900L30NS8FOKXCQ03","Deutsche International Trust Corporation (Mauritius) Limited","MU"
"529900582CZR3DANMR96","Herengracht Financial Services B.V.","NL"
"529900TK95D6PNN50T90","Deutsche Bank Trustee Services (Guernsey) Limited","GG"
"529900ECAOHR0J9ETZ30","DB Fund Services LLC","US"
"529900U7SG8ULFKPU928","DB Aircraft Leasing Master Trust","US"
"52990009UNDL8B1ACI35","Royster Fund Management S.à r.l.","LU"
"529900VKMC4KQXRCWQ85","Deutsche Bank International Trust Co. Limited","GG"
"529900697VW9X2YUUN62","Tasfiye Halinde Bebek Danismanlik Anonim Sirketi","TR"
"529900GLT7FMDP7ZP268","CTXL Achtzehnte Vermögensverwaltung GmbH","DE"
"529900WRA1S3K1QMPB44","Port Elizabeth Holdings LLC","US"
"529900FCQUWFCS2WFQ40","RREEF Management L.L.C.","US"
"529900AMYBX2GX3HE155","EXTOREL Private Equity Advisers GmbH","DE"
"529900MX5HGF7REC5221","Deutsche Fiduciary Services (Suisse) SA","CH"
"529900M0ZXN2D2ZESI73","DWS INVESTMENTS AUSTRALIA LIMITED","AU"
"222100RUGZYYYFQM1J57","DWS INVEST - REAL ASSETS INCOME","LU"
"529900K871A6JWHK6Z45","DB PWM Private Markets I GP","LU"
"529900ITRKF4INUOKY17","PS plus Portfolio Software + Consulting GmbH","DE"
"549300IZVFHOWFWNNK55","DB ADVISORY MULTIBRANDS - GAM ABSOLUTE RETURN STRATEGY FUND","LU"
"549300UK7IYHLTFT4Z67","DWS GARANT - DEUTSCHE AWM PROTECTED INCOME 2035","LU"
"549300MUQ879J0U1DY38","DWS FLEXPENSION - II 2030","LU"
"815600311DA821549008","FIDUCIARIA SANT'ANDREA S.R.L.","IT"
"549300VV2BJHZ64PGL39","DEUTSCHE EUROPEAN REAL ESTATE SECURITIES MASTER FUND","LU"
"5493002J445FKF3T3Q63","DWS INVEST - MULTI ASSET MODERATE INCOME","LU"
"549300GJHKOASCB86D81","DWS INVEST - MULTI ASSET DYNAMIC","LU"
"549300BJ8K2OKYIY6557","DB PWM - ACTIVE ASSET ALLOCATION GROWTH 80 PROTECT EUR","LU"
"5493007H52AYZJKTHS22","DWS FLEXPENSION - II 2029","LU"
"549300YXYSBSWEE7ON30","DWS FIXED MATURITY - HIGH YIELD BONDS 2021","LU"
"5493001S1A2KX77G5V52","DWS FIXED MATURITY - CORPORATE BONDS 2021 II","LU"
"5493001YVFV3APNDVC85","DWS FIXED MATURITY - HIGH YIELD BONDS 2020 II","LU"
"549300H7FLAWMJ7WAI95","DWS SELECT - INFLATION PLUS 2019","LU"
"5299007QWTE1LDFAS287","Dusk LLC","US"
"52990029WD1ZK9LGZ890","DB Green, Inc.","US"
"5299007MD6I12CTKQM41","DB Mortgage Investment Inc.","US"
"529900CI6MHV0H675228","North American Income Fund Public Limited Company","IE"
"549300ATMSKDLJC28S12","DEAM-FONDS FBK1","DE"
"549300H4CV43QCH4W570","DEAM CAPITAL PROTECT 2044","DE"
"549300C224WBBVVQ2Z39","DEAM CAPITAL PROTECT 2049","DE"
"549300JI2FC7PGJHP860","DWS Zuerich Invest Aktien Schweiz","DE"
"549300HU3DF6UVK2PT12","DWS US EQUITIES TYP O","DE"
"549300PTK3ZQ3QOOL487","DP PrivatMandat Comfort - PRO Deutschland","LU"
"54930093XEHLVNAP5I34","DWS INVEST II - ASIAN TOP DIVIDEND","LU"
"549300MXEAL7IIGFC661","DEAM-FONDS VB BABARA NR. 2","DE"
"549300TYMH9FCEBKO173","DEAM CAPITAL PROTECT 2024","DE"
"5493003M451YU8YSEC41","DEAM CAPITAL PROTECT 2029","DE"
"549300GF3543BG7KSO29","DEAM CAPITAL PROTECT 2039","DE"
"549300YFQIZT24ZPT137","CORPORATE III - UNITY","LU"
"549300OB6YV2ZFMVC054","DWS ESG GLOBAL-GOV BONDS","DE"
"549300EF9ZLCS32PSN92","DEAM CAPITAL PROTECT 2019","DE"
"549300DZJ01DXNM48807","PAM International Fund Selection Portfolio - Growth","LU"
"5493003I1VH2GQJB3Y41","DWS HIGH INCOME BOND FUND","DE"
"549300QFI8MJ4S49GN66","DEAM-FONDS PFM","DE"
"549300RJCC2S41XADB43","DEAM CAPITAL PROTECT 2034","DE"
"549300Y47GPQA88GE404","DEAM CAPITAL PROTECT 2014","DE"
"549300Z1M7JRMXGYHB04","DEAM CORP 2012","DE"
"549300SIEM0JP6QEKZ04","DB PBC - DEUTSCHE BANK BEST MANAGERS - BALANCE","LU"
"549300WVLFJHD8I4GY79","DeAM-Fonds SWI","DE"
"549300VNB1ZXI6EKTQ66","DWS FLEXPENSION - II 2026","LU"
"549300LWRLCM6PDOWT06","PAM International Fund Selection Portfolio - Conservative","LU"
"549300KS23R70QZVZF84","DWS FLEXPENSION - II 2027","LU"
"549300HDJQDQ3E23HQ29","DEAWM-FONDS JOSUA","DE"
"549300WZK231NAUFI045","DB PRIVATMANDAT COMFORT - PRO USA","LU"
"549300DVU2F5SEHCOD16","DEAM-FONDS VB BABARA NR. 1","DE"
"5493000A1VODC8HM2X72","DEAM-FONDS ARBM","DE"
"54930086Q1B3FHI81N04","DEAM-FONDS ME II","DE"
"549300NOZKYT889PVE67","CORPORATE II - STAR PLUS","LU"
"549300R357WFIUHYXQ97","DEAM-FONDS PPC EQ","DE"
"549300HN604T6L7YRW35","DEAM-FONDS ME III","DE"
"549300XLP1Q78T2HYA22","DEAM-FONDS DN13","DE"
"549300K3TK9076101D53","DWS Garant - Top Dividende 2018","LU"
"549300YFIUT5OCACTD23","DeAM-Fonds Sec Corp","DE"
"5493004UXU8N4332KP68","DEAM-FONDS EDV 1","DE"
"549300GWZV5V73KXY327","DEAM-FONDS DVAG III","DE"
"529900SVE09UXRXL5B58","DEUTSCHE HOLDINGS NO.3 LIMITED","GB"
"529900QGJ9AHLS3PJ393","DB OVERSEAS HOLDINGS LIMITED","GB"
"529900LIA3WOFCVPCV67","DEUTSCHE MORGAN GRENFELL GROUP LIMITED","GB"
"549300L2WXROIO4RYU97","DBÖ VERMÖGENSVERWERTUNG GMBH IN LIQU.","AT"
"549300XBRBK4EN2W1S73","CD CAPITAL GLOBAL","DE"
"5493003YCTSBWS4PJV26","DWS INVEST - GLOBAL THEMATIC","LU"
"549300DHFF7DPS0Z0U75","DEAM-FONDS GHS","DE"
"54930077ETU32ZIMU680","DEAM-FONDS AVN 1","DE"
"5299001PZYZQV5PVWU54","UCTAM BH d.o.o.","BA"
"097900BID40000148202","UCTAM SVK, s. r. o.","SK"
"5493005PMU33U8QRMC94","BAVARIA SERVICOS DE REPRESENTACAO COMERCIAL LTDA","BR"
"529900T0GN1VKFTMM315","UCTAM Retail Hungary Korlátolt Felelősségű Társaság","HU"
"5299002R6SW0HHWT3W09","Geldilux-TS-2015 S.A.","LU"
"5299005FDA3YO55CIL95","Obschestvo s organichennoj otvetstennostju ""Obschije logisticheskije reshenija""","RU"
"529900TWDO3KH4PYCY78","AMBASSADOR PARC DEDINJE d.o.o. Beograd-Stari Grad","RS"
"635400QSJSOFZJC94O05","PAI (New York) Limited","US"
"315700I5J7YPIDCVR987","MULTIPLUS CARD d.o.o.","HR"
"529900YJWHCL9N49X722","ZAPADNI TRGOVAČKI CENTAR d. o. o.","HR"
"529900MG2JE2D71CMV60","UniCredit Insurance Broker EOOD","BG"
"529900L3L9NAZ25ZGS16","UniCredit Rent doo Beograd","RS"
"529900ILV3IRTU21O880","WealthCap Fonds GmbH","DE"
"529900BOQX6DDSGN9X64","Palais Rothschild Vermietungs GmbH & Co OG","AT"
"529900VUBQY47LB3PV64","WealthCap Real Estate Management GmbH","DE"
"5299008D41Q10B8NQT96","WealthCap PEIA Komplementär GmbH","DE"
"529900D2TH67S7B53Y34","WealthCap Investorenbetreuung GmbH","DE"
"213800ABBDUPIFMITV66","FMZ SAVARIA SZOLGÁLTATÓ KORLÁTOLT FELELŐSSÉGŰ TÁRSASÁG","HU"
"213800EL46ESVT6G9247","CA-ZETA INGATLANHASZNOSÍTÓ KORLÁTOLT FELELŐSSÉGŰ TÁRSASÁG","HU"
"213800AW573JFTXL6946","BAHBETA INGATLANHASZNOSÍTÓ KORLÁTOLT FELELŐSSÉGŰ TÁRSASÁG","HU"
"8156002B929020A90676","UNICREDIT OBG S.R.L.","IT"
"635400CS6QPXBSKDCN41","Pioneer Global Funds Distributor, Ltd","BM"
"635400VANUW6PQNPKJ70","PAI (Bermuda) Limited","BM"
"635400OT6WWQD5UURP98","PAI Management Limited","IE"
"5299005PI8EZCXYD5887","Life Management Erste GmbH","DE"
"529900XFKQNG0IW8H047","WealthCap Management Services GmbH","DE"
"529900YKOMNKL9H6AD64","V.M.G. Vermietungsgesellschaft mbH","DE"
"529900NNSS91OZRYZ793","WealthCap Equity Management GmbH","DE"
"529900V9M5N0BGGB2Z36","WealthCap PEIA Management GmbH","DE"
"5299007T6TSDKGOZT139","WealthCap Kapitalverwaltungsgesellschaft mbH","DE"
"529900YHKC6446YVDP09","WealthCap Leasing GmbH","DE"
"5299000OKM8HRXP2ZL53","WealthCap Initiatoren GmbH","DE"
"529900ZZJAQCYNWU7E47","BIL Leasing-Fonds Verwaltungs-GmbH","DE"
"529900IE87O9WPP97T53","H.F.S. Immobilienfonds GmbH","DE"
"5299008YCNQ2ZCL7NQ13","WealthCap Investment Services GmbH","DE"
"8156007BA6E6B606F205","""UNICREDIT SUBITO CASA SOCIETA' PER AZIONI"" OPPURE - IN FORMA ABBREVIATA: ""UNICREDIT SUBITO CASA S.P.A"" O ""SUBITO CASA S.P.A."" O ""UNICREDIT CASA S.P.A.""","IT"
"529900TZ36JMEVRLVK72","Fineco Verwaltung AG","DE"
"81560084D60FE553FF12","VISCONTI S.R.L.","IT"
"529900XZ9YT1YXBCMI44","OOO ""UCTAM RU""","RU"
"529900EKOYG8BTTOMR05","Sabiedrība ar ierobežotu atbildību ""UCTAM Baltics""","LV"
"529900QAUNRI1RA86094","Shopping Palace Bratislava, v.o.s.","SK"
"52990095WB89J9OASG29","UCTAM Bulgaria EOOD","BG"
"529900WD2450ITPIH833","UCTAM DOO BEOGRAD (STARI GRAD) - U LIKVIDACIJI","RS"
"529900MVM385SYIIJA64","UniCredit Turn-Around Management CEE GmbH","AT"
"529900ZSLE0TD0PZ1N92","UCTAM Hungary Korlátolt Felelősségű Társaság","HU"
"529900X2JGG41VB42995","EURÓPA Befektetési Alapkezelő Zártkörűen Működő Részvénytársaság","HU"
"529900AO1T2EBC9HUC17","UCTAM RO SRL","RO"
"529900J4FRDOS0H27O39","UCTAM upravljanje d.o.o.","SI"
"529900Z48II4883DZ728","Lagermax Leasing GmbH","AT"
"529900Z8F1DQ2PF5GJ97","Kunsthaus Leasing GmbH","AT"
"5299006IN876JQTX7035","Eurolease AMUN Immobilien Leasing Gesellschaft m.b.H.","AT"
"529900QC5I7V6HP3BP65","BACA CENA Immobilien Leasing GmbH","AT"
"25940012WVMVS3G5WP26","DC POLSKA SPÓŁKA Z OGRANICZONĄ ODPOWIEDZIALNOŚCIĄ W LIKWIDACJI","PL"
"5493008EK06BBQGICG76","UNICREDIT BANK A.D. BANJA LUKA","BA"
"52990092CN7SM9DZCR09","UniCredit Leasing Aviation GmbH","DE"
"529900CAH1061V56SZ46","UniCredit Leasing Finance GmbH","DE"
"52990001O0THU00TYK59","UNICREDIT BANK SRBIJA A.D., BEOGRAD (STARI GRAD)","RS"
"8156005D1B85D22FF777","UNICREDIT BPC MORTGAGE S.R.L.","IT"
"2534006G7F7F1TFC9T77","Акционерное общество ""ЮниКредит Банк""","RU"
"54930001JAUYYSFBMP93","UNICREDIT LEASING S.P.A.","IT"
"549300MC7DDO39OJ7F04","UNICREDIT FACTORING S.P.A.","IT"
"529900I5EWMMMCSTS175","UniCredit International Bank (Luxembourg) S.A.","LU"
"529900WOBKOYZGX93J24","WealthCap Equity GmbH","DE"
"5493003BDYD5VPGUQS04","UNICREDIT BANK S.A.","RO"
"549300Z7V2WOFIMUEK50","УНИКРЕДИТ БУЛБАНК","BG"
"549300O2UN9JLME31F08","UNICREDIT BANKA SLOVENIJA d.d.","SI"
"D1HEB8VEU6D9M8ZUXG17","UniCredit Bank Austria AG","AT"
"KR6LSKV3BTSJRD41IF75","UNICREDIT BANK CZECH REPUBLIC AND SLOVAKIA, A.S.","CZ"
"PRNXTNXHBI0TSY1V8P17","ZAGREBAČKA BANKA DIONIČKO DRUŠTVO","HR"
"Y28RT6GGYJ696PMW8T44","UNICREDIT BANK HUNGARY ZRT.","HU"
"529900QDG42IVLG7C683","LEASFINANZ Alpha Assetvermietung GmbH","AT"
"529900H4B2BYOHCXQT18","UniCredit Leasing Alpha Assetvermietung GmbH","AT"
"5493003P67INGS2MFT98","KLENO TEAM KERESKEDELMI ÉS SZOLGÁLTATÓ KORLÁTOLT FELELŐSSÉGÜ TÁRSASÁG","HU"
"213800HQ3SEC4XDRMW78","ICE CREEK POOL NO. 2 DESIGNATED ACTIVITY COMPANY","IE"
"529900DB682LTV7DBB14","UniCredit Gustra Leasing GmbH","AT"
"21380012EA5RD6HRXS79","ELEKTRA PURCHASE NO. 63 DESIGNATED ACTIVITY COMPANY","IE"
"5299000CUYVLZQNV7822","WEALTHCAP PORTLAND PARK SQUARE L.P.","US"
"315700CYR4A7B93AZ188","ENES Cargo Prague s.r.o.","CZ"
"529900X8EH8ZJQ099P39","WEALTHCAP LOS GATOS 131 ALBRIGHT WAY, L.P.","US"
"5299007QILH2588Y8Z31","Bertram Projekt Unodecima Technikzentrum GmbH & Co. KG","DE"
"529900JIWM8JLJ18XD35","WealthCap Objekte Grasbrunn und Ismaning GmbH & Co. KG","DE"
"529900Z8DN19BGSE6V76","WealthCap Vorrats-2 GmbH","DE"
"529900DNKIMASQ1WQC07","WealthCap Objekt-Vorrat 20 GmbH & Co. KG","DE"
"529900YR10F8TOMFTR35","WealthCap Immobilienfonds Deutschland 36 Komplementär GmbH","DE"
"5299006JRU7A099F8949","H.F.S. Leasingfonds GmbH","DE"
"213800TYDH1M7T796R14","ELEKTRA PURCHASE NO. 57 DESIGNATED ACTIVITY COMPANY","IE"
"213800U7L13Q5YP2P888","ELEKTRA PURCHASE NO. 56 DESIGNATED ACTIVITY COMPANY","IE"
"2138003P1XRZQRXLIT42","ELEKTRA PURCHASE NO. 55 DESIGNATED ACTIVITY COMPANY","IE"
"213800YU5NDGOH7VDE67","ELEKTRA PURCHASE NO. 718 DESIGNATED ACTIVITY COMPANY","IE"
"213800F9OEEORKQ71V30","ELEKTRA PURCHASE NO. 39 DESIGNATED ACTIVITY COMPANY","IE"
"21380039PDICI7H5EV76","EURÓPA INGATLANBEFEKTETÉSI ALAP","HU"
"529900TDVWJDF9M5TS35","Castellani Leasing GmbH","AT"
"74780000A0SH8DY34831","ZB Protect 2022 UCITS fond","HR"
"549300Z5CVYA6DEEQV66","SUCCESS 2015 B.V.","NL"
"213800TIAIHOYOOSDJ79","UNICREDIT OPERATÍV LÍZING KORLÁTOLT FELELŐSSÉGŰ TÁRSASÁG","HU"
"315700ZQ6Y5JR4KAQ888","Paytria Unternehmensbeteiligungen GmbH","AT"
"529900730123Z5BT3290","UCLA Immo-Beteiligungsholding GmbH & Co KG","AT"
"213800BYTX3ODD8TVN91","ELEKTRA PURCHASE NO. 34 DESIGNATED ACTIVITY COMPANY","IE"
"549300H3WR78JYSTWS65","UNICREDIT U.S. FINANCE LLC","US"
"549300GP76I43V7TCK41","BA-CA Finance (Cayman) (2) Limited","KY"
"5493008J0KRP28TPF798","BA Alpine Holdings, Inc.","US"
"5493005855K3SAA7PC10","BA-CA Finance (Cayman) Limited","KY"
"253400G6BH0UHXA5C941","Общество с ограниченной ответственностью ""ЮниКредит Лизинг""","RU"
"2534008T9TCKSJHXMX83","Акционерное Общество ""Локат Лизинг Руссия""","RU"
"2138002IYWR6DJRFCR82","AMUNDI FUNDS II - EMERGING MARKETS BOND SHORT-TERM","LU"
"315700D3HU6XAF8GPG72","ZABA Partner d.o.o.","HR"
"549300DTNTPKNKGJ7P43","UniCredit Leasing Croatia društvo s ograničenom odgovornošću za leasing","HR"
"549300HIODNR3LRHFF34","HVB CAPITAL LLC II","US"
"549300OVO8MRA4KTCJ44","UNICREDIT CAPITAL MARKETS LLC","US"
"5493006LHIVMDUXH4292","HVB CAPITAL LLC","US"
"5493004QW76FAU0B5N71","HVB CAPITAL LLC III","US"
"5493004SK73IFOXRC732","BACAL ALPHA društvo s ograničenom odgovornošću za poslovanje nekretninama","HR"
"5493000XA8M1JTV4ZD64","ALLIB NEKRETNINE društvo s ograničenom odgovornošću za poslovanje nekretninama","HR"
"549300Y8ATEY0VBM4W31","LOCAT CROATIA društvo s ograničenom odgovornošću za trgovinu i usluge","HR"
"5299001FKJ6Q6AQMU144","PRIVREDNO DRUŠTVO ZA FINANSIJSKI LIZING UNICREDIT LEASING SRBIJA DOO BEOGRAD (NOVI BEOGRAD)","RS"
"529900V89SIJN7DOX349","Perikles 20092 Vermögensverwaltung GmbH","DE"
"529900XXVO5MNH7TAR82","Ocean Breeze Asset GmbH & Co. KG","DE"
"097900BFB40000007898","UniCredit Leasing Insurance Services, s. r. o.","SK"
"097900BFBW0000007680","UniCredit Leasing Slovakia, a.s.","SK"
"097900BFBW0000007777","UniCredit Fleet Management, s.r.o.","SK"
"097900BFBW0000007583","UniCredit Broker, s. r. o.","SK"
"315700U9KOZJ14MLJ486","UNICREDIT CONSUMER FINANCING IFN SA","RO"
"52990056GII2U9W13P53","WealthCap Investments, Inc.","US"
"213800RMAPKCXVCB3J34","HVB-LEASING ROCCA INGATLANHASZNOSÍTÓ KORLÁTOLT FELELŐSSÉGŰ TÁRSASÁG","HU"
"213800YKLUR8Q7YAID35","UNICREDIT-LEASING URANUS INGATLANHASZNOSÍTÓ KORLÁTOLT FELELŐSSÉGŰ TÁRSASÁG","HU"
"213800SHXQDJL238HV25","HVB-LEASING RUBIN INGATLANHASZNOSÍTÓ KORLÁTOLT FELELŐSSÉGŰ TÁRSASÁG","HU"
"213800IT91XM3CMQQP75","UNICREDIT LEASING KERESKEDELMI KORLÁTOLT FELELŐSSÉGŰ TÁRSASÁG","HU"
"213800J6H2IQOAMK1255","UNICREDIT-LEASING LUNA INGATLANHASZNOSÍTÓ KORLÁTOLT FELELŐSSÉGŰ TÁRSASÁG","HU"
"213800LOVTMVCEXXDE17","UNICREDIT INGATLANLÍZING SZOLGÁLTATÓ ZÁRTKÖRŰEN MŰKÖDŐ RÉSZVÉNYTÁRSASÁG","HU"
"213800N5X8TWEVQKO725","HVB-LEASING JUPITER INGATLANHASZNOSÍTÓ KORLÁTOLT FELELŐSSÉGŰ TÁRSASÁG","HU"
"213800FPW6PZSY8BIM85","HVB-LEASING GARO INGATLANHASZNOSÍTÓ KORLÁTOLT FELELŐSSÉGŰ TÁRSASÁG","HU"
"213800D1UR2GH2H74Y16","FMC LEASING INGATLANHASZNOSÍTÓ KORLÁTOLT FELELŐSSÉGŰ TÁRSASÁG","HU"
"213800H9NKSYPBYZW713","UNICREDIT-LEASING NEPTUNUS INGATLANHASZNOSÍTÓ KORLÁTOLT FELELŐSSÉGŰ TÁRSASÁG","HU"
"213800VT9KPNVZB12B72","UNICREDIT-LEASING HOSPES INGATLANHASZNOSÍTÓ KORLÁTOLT FELELŐSSÉGŰ TÁRSASÁG","HU"
"2138004NY286UOQ5B543","HVB-LEASING SMARAGD INGATLANHASZNOSÍTÓ KORLÁTOLT FELELŐSSÉGŰ TÁRSASÁG","HU"
"213800XTQLSGGOGRX936","UNICREDIT-LEASING MARS INGATLANHASZNOSÍTÓ KORLÁTOLT FELELŐSSÉGŰ TÁRSASÁG","HU"
"21380088NAML2SHD7354","BAH-OMEGA PÉNZÜGYI SZOLGÁLTATÓ ZÁRTKÖRŰEN MŰKÖDŐ RÉSZVÉNYTÁRSASÁG """"VÉGELSZÁMOLÁS ALATT""""","HU"
"2138003TJQDD92C95M54","UNICREDIT BIZTOSÍTÁSKÖZVETÍTŐ KORLÁTOLT FELELŐSSÉGŰ TÁRSASÁG","HU"
"2138005ADNXRIGY4SY85","UNICREDIT LEASING HUNGARY PÉNZÜGYI SZOLGÁLTATÓ ZÁRTKÖRŰEN MŰKÖDŐ RÉSZVÉNYTÁRSASÁG","HU"
"315700GYZVDSM4AX2M06","CA-Leasing OVUS s.r.o.","CZ"
"3157008BMI50FMDD1E91","ALLIB Leasing s.r.o.","CZ"
"529900Z0S102QOJJ3J83","UniCredit Direct Services GmbH","DE"
"5299000XIRBL7YOU9G65","Food & more GmbH","DE"
"529900BPNSDDP4R0HP51","WealthCap USA Immobilien Verwaltungs GmbH","DE"
"529900QPGSA3S6ZLS208","HVBFF International Greece GmbH","DE"
"2138003GMZOMMHTKUW26","HVB LONDON INVESTMENTS (AVON) LIMITED","GB"
"213800QQ82Y1KCPQIC86","AMUNDI S.F. - EMERGING MARKETS BOND 2019","LU"
"529900AXGJDFXA1AGE58","Zagreb nekretnine d.o.o. za poslovanje nekretninama","HR"
"529900SETJ7JMNI5AD78","Bank Austria Finanzservice GmbH","AT"
"5299008HZD0Y7UYHO939","UNICREDIT CONSUMER FINANCING EAD","BG"
"549300ZQ6ICBM18UBN91","BANK AUSTRIA WOHNBAUBANK AG","AT"
"529900B9D7B2Z2U9E686","UniCredit Leasing EAD","BG"
"529900IAHC7NHDPKB514","UNI CREDIT FACTORING","BG"
"5299007XMJKIQYA1QE53","UniCredit Fleet Management EOOD","BG"
"529900SGNVLFY9Z13205","UniCredit Center am Kaiserwasser GmbH","AT"
"529900PFZ21Q6MS9E857","card complete Service Bank AG","AT"
"549300UJUJ65LGFB2O06","CABET-Holding-GmbH","AT"
"549300JD5QZGA037DM65","CABO Beteiligungsgesellschaft m.b.H.","AT"
"529900SON3O699CD4728","Euroventures-Austria-CA-Management Gesellschaft m.b.H.","AT"
"529900ST7CHA4EJJ5Y85","Z Leasing VENUS Immobilien Leasing Gesellschaft m.b.H.","AT"
"529900342F7JSPI4TQ30","Z Leasing OMEGA Immobilien Leasing Gesellschaft m.b.H.","AT"
"529900K3CBIIFX4H8G15","Z Leasing NEREIDE Immobilien Leasing Gesellschaft m.b.H.","AT"
"529900S8LDIPTXXYVZ33","Z Leasing LYRA Immobilien Leasing Gesellschaft m.b.H.","AT"
"529900OWBLLW6WMCRM37","Z Leasing KAPA Immobilien Leasing Gesellschaft m.b.H.","AT"
"529900PIF7BWIN1OFE62","Z Leasing KALLISTO Immobilien Leasing Gesellschaft m.b.H.","AT"
"529900KZG4APR9VJDP17","Z Leasing JANUS Immobilien Leasing Gesellschaft m.b.H.","AT"
"529900MFF1MAR76ZVV77","Z Leasing Ita Immobilien Leasing Gesellschaft m.b.H.","AT"
"5299008G1E4GFZR3QL53","Z Leasing IPSILON Immobilien Leasing Gesellschaft m.b.H.","AT"
"529900U6IYYUDUULIX86","Z Leasing HERCULES Immobilien Leasing Gesellschaft m.b.H.","AT"
"5299005LY13TY4OH4Z36","Z Leasing HEBE Immobilien Leasing Gesellschaft m.b.H.","AT"
"52990069HXCX7EFYPA20","Z Leasing GEMINI Immobilien Leasing Gesellschaft m.b.H.","AT"
"529900A5TAKNCSD2LP56","Z Leasing Gama Immobilien Leasing Gesellschaft m.b.H.","AT"
"529900BS0K5H5X5S4796","Z Leasing DRACO Immobilien Leasing Gesellschaft m.b.H.","AT"
"529900H0Z3LEX11CQJ52","Z Leasing DORADO Immobilien Leasing Gesellschaft m.b.H.","AT"
"5299002YWHBSBV9P4B18","Z Leasing CORVUS Immobilien Leasing Gesellschaft m.b.H.","AT"
"529900QXOYR9CRJNQV26","Z Leasing AURIGA Immobilien Leasing Gesellschaft m.b.H.","AT"
"529900URNIC26XVVO413","Z Leasing ARKTUR Immobilien Leasing Gesellschaft m.b.H.","AT"
"5299009JK8LPHBPN5394","Z Leasing Alfa Immobilien Leasing Gesellschaft m.b.H.","AT"
"529900V2Y0J5ITH4UO62","WÖM Grundstücksverwaltungs-Gesellschaft m.b.H.","AT"
"529900Z9F3OHWTXUOY41","Vape Communa Leasinggesellschaft m.b.H.","AT"
"529900KMVAGFZ68CEJ78","UniCredit Zega Leasing GmbH","AT"
"529900FQ84AANAEQGS94","UniCredit TechRent Leasing GmbH","AT"
"52990003MHKX55EOC266","UniCredit Polaris Leasing GmbH","AT"
"5299009ECGN4GD03UY30","UniCredit Pegasus Leasing GmbH","AT"
"529900VQTGY0OGZTCS62","UniCredit Luna Leasing GmbH","AT"
"529900Z5WR87JYQQKY21","UniCredit Leasing Technikum GmbH","AT"
"529900S9F63QBTGJ1A75","UniCredit Leasing (Austria) GmbH","AT"
"529900ZSHWIEG4UHHI33","UniCredit KFZ Leasing GmbH","AT"
"5299003L7YAXHP6Z7T75","UniCredit Garagen Errichtung und Verwertung GmbH","AT"
"529900KDBN16PCQCI732","UniCredit AURORA Leasing GmbH","AT"
"529900OISRX6SR0HJP68","UniCredit Mobilien und KFZ Leasing GmbH","AT"
"529900LTXFQ0DA5ZZT94","Unicom Immobilien Leasing Gesellschaft m.b.H.","AT"
"52990034Y1YC4WDX5C05","Ufficium Immobilien Leasing Gesellschaft m.b.H.","AT"
"5299007A3J9XYU46D740","Terz Z Immobilien Leasing Gesellschaft m.b.H.","AT"
"529900KN6P7OQX84OC85","Stewe Grundstücksverwaltungs-Gesellschaft m.b.H.","AT"
"529900VHISCWBZGTC349","Spectrum Grundstücksverwaltungs-Gesellschaft m.b.H.","AT"
"529900XTRNX0LCFTSA31","Sigma Leasing GmbH","AT"
"529900WHMCEWN274OT10","Sext Z Immobilien Leasing Gesellschaft m.b.H.","AT"
"529900POIP5FANBUZ584","SEDEC Z Immobilien Leasing Gesellschaft m.b.H.","AT"
"529900YKQVV2F80DI747","SECA-Leasing Gesellschaft m.b.H.","AT"
"529900EXLVVB9837SG88","Real-Rent Leasing Gesellschaft m.b.H.","AT"
"529900KEKFXBWO7IN551","Real-Lease Grundstücksverwaltungs-Gesellschaft m.b.H.","AT"
"529900N18TNY5GGROH52","Quint Z Immobilien Leasing Gesellschaft m.b.H.","AT"
"52990016W975JPQ70O29","Quart Z Immobilien Leasing Gesellschaft m.b.H.","AT"
"5299003RWHA2ZD5T0R33","QUADEC Z Immobilien Leasing Gesellschaft m.b.H.","AT"
"529900SVXK7QBUFV0M35","Projekt-Lease Grundstücksverwaltungs-Gesellschaft m.b.H.","AT"
"529900T95ECRMM1L2093","Posato Leasing Gesellschaft m.b.H.","AT"
"529900DF15DT6MUTOS08","Piana Leasing Gesellschaft m.b.H.","AT"
"529900KK9P8L63TRYU47","PELOPS Leasing Gesellschaft m.b.H.","AT"
"529900IAWC89VMVDWH58","FINN Arsenal Leasing GmbH","AT"
"5299004IV5BVRG272A28","OLG Handels- und Beteiligungsverwaltungsgesellschaft m.b.H.","AT"
"529900OVSJWHY1FYLQ08","Oct Z Immobilien Leasing Gesellschaft m.b.H.","AT"
"529900OSZ0ZQI95BZO12","Nage Lokalvermietungsgesellschaft m.b.H.","AT"
"529900KE29GOXDMG0S67","Menuett Grundstücksverwaltungs-Gesellschaft m.b.H.","AT"
"529900DLES7P1TCYPM83","MBC Immobilien Leasing Gesellschaft m.b.H.","AT"
"52990067TXFDXKPELT70","M. A. V. 7., Bank Austria Leasing Bauträger GmbH & Co. OG.","AT"
"529900VW66KWYPYBWX02","Liva Immobilien Leasing Gesellschaft m.b.H.","AT"
"529900ELQAD8AVPWLI93","Lipark Leasing Gesellschaft m.b.H.","AT"
"529900RQWZ39LYKXZ261","Lelev Immobilien Leasing Gesellschaft m.b.H.","AT"
"529900666ZJ61Q61R974","Legato Leasing Gesellschaft m.b.H.","AT"
"5299005LMBRRMUC6RE06","LEASFINANZ GmbH","AT"
"529900H9ABDZ8XIMMV92","LEASFINANZ Bank GmbH","AT"
"529900DUU6C9O13MAC66","LARGO Leasing Gesellschaft m.b.H.","AT"
"529900USNZNT90FFFL50","Lagev Immobilien Leasing Gesellschaft m.b.H.","AT"
"529900YQT7RAMTQ59G63","POLLUX Immobilien GmbH","AT"
"52990028YYXNOY4VCL59","FactorBank Aktiengesellschaft","AT"
"529900MWGOF8PJ3ROR27","Kutra Grundstücksverwaltungs-Gesellschaft m.b.H.","AT"
"529900E4BFYIPRTO6Z06","Jausern-Leasing Gesellschaft m.b.H.","AT"
"529900LZC0DRQ7BS1A85","INTRO Leasing Gesellschaft m.b.H.","AT"
"529900CIANKPEMBOSI18","Grundstücksverwaltung Linz-Mitte GmbH","AT"
"529900OX0YBNOOXHER14","Gemeindeleasing Grundstückverwaltung Gesellschaft m.b.H.","AT"
"529900JMJSBZQ87VS279","Bank Austria Real Invest Immobilien-Management GmbH","AT"
"529900ZTL0PT4VP94P73","Kaiserwasser Bau- und Errichtungs GmbH und Co OG","AT"
"529900BXGKZA0NQ00X83","BA Betriebsobjekte GmbH","AT"
"315700J8XIW0OKXNC270","Diners Club CS, s.r.o.","SK"
"529900CVJFHY7SC3IA84","Gebäudeleasing Grundstücksverwaltungs-Gesellschaft m.b.H.","AT"
"529900KO608UPZKNW059","GALA Grundstückverwaltung Gesellschaft m.b.H.","AT"
"529900DDO5YY9EPTYZ46","Folia Leasing Gesellschaft m.b.H.","AT"
"529900P0UUJHBJF0A066","Fides Leasing GmbH","AT"
"529900A7Z0V6PFMTJP60","Eurolease RAMSES Immobilien Leasing Gesellschaft m.b.H.","AT"
"529900CYTFL4QPESXQ96","Eurolease RA Immobilien Leasing Gesellschaft m.b.H.","AT"
"529900UQEDDC3E29UW81","Eurolease MARDUK Immobilien Leasing Gesellschaft m.b.H.","AT"
"529900DKBIMRJI0XGY65","Eurolease ISIS Immobilien Leasing Gesellschaft m.b.H.","AT"
"529900A0FQ3CD6DXKL22","Eurolease ANUBIS Immobilien Leasing Gesellschaft m.b.H.","AT"
"529900DAUNIPA0EBPB86","DUODEC Z Immobilien Leasing Gesellschaft m.b.H.","AT"
"529900SWNRHN2PPD6X60","DLV Immobilien Leasing Gesellschaft m.b.H.","AT"
"529900RYBZ653MBZSL75","Contra Leasing-Gesellschaft m.b.H.","AT"
"529900ICLRH9E6KH5W68","Communa - Leasing Grundstücksverwaltungs-Gesellschaft m.b.H.","AT"
"529900PG5GJ3DC8V9L37","Civitas Immobilien Leasing Gesellschaft m.b.H.","AT"
"529900ZKD8MK3OHI4D54","Chefren Leasing GmbH","AT"
"5299002FS7MWCAJFYW17","Charade Leasing Gesellschaft m.b.H.","AT"
"529900C7PP6HM20D7687","CALG Minal Grundstückverwaltung GmbH","AT"
"529900ANJHT613JW8B30","CALG Immobilien Leasing GmbH","AT"
"5299005UKT5LJTX4T915","CALG Grundstückverwaltung GmbH","AT"
"529900KN5F22P7EWQ753","CALG Gamma Grundstückverwaltung GmbH","AT"
"529900XMV9LF3JHGXT65","CALG Delta Grundstückverwaltung GmbH","AT"
"529900FMHT3IDMYLAZ66","CALG Anlagen Leasing GmbH","AT"
"5299008BMNMEZL4O6K10","CALG Alpha Grundstückverwaltung GmbH","AT"
"52990090ZUP0P6NRBU17","CALG 445 Grundstückverwaltung GmbH","AT"
"52990049XYR8QSPL1M94","CALG 443 Grundstückverwaltung GmbH","AT"
"529900BQ4I6Y9MVYB541","CA-Leasing Senioren Park GmbH","AT"
"529900P7ZZJ2UGXVAJ38","Beteiligungsverwaltungsgesellschaft der Bank Austria Creditanstalt Leasing GmbH","AT"
"529900TUYK8SFCHQ3076","Baulandentwicklung Gdst 1682/8 GmbH & Co OG","AT"
"52990064A4W4C6COCM83","Bank Austria Leasing MEDEA Immobilien Leasing GmbH","AT"
"529900EYK1T9D8JMD587","Bank Austria Leasing Ikarus Immobilien Leasing Gesellschaft m.b.H.","AT"
"529900PJJFVT0F724I14","Bank Austria Leasing ARGO Immobilien Leasing GmbH","AT"
"529900CW6RE04OX4ZL90","Bank Austria Creditanstalt Leasing Immobilienanlagen GmbH","AT"
"529900TNCYLRNC5C3L95","BAL SOBEK Immobilien Leasing GmbH","AT"
"5299001OZ0PA3VPR3N91","BAL OSIRIS Immobilien Leasing Gesellschaft m.b.H.","AT"
"529900IF2M4HDRF7OY75","BAL LETO Immobilien Leasing GmbH","AT"
"529900FOYH83DWA1VI77","BAL HYPNOS Immobilien Leasing GmbH","AT"
"529900W747T39A8BLD28","BAL HORUS Immobilien Leasing GmbH","AT"
"529900XGX8IRUTDYO016","BAL HESTIA Immobilien Leasing GmbH","AT"
"5299005P4GYQOPFDEA10","Treuconsult Beteiligungsgesellschaft m.b.H.","AT"
"529900Q4GO8QFCSYWC20","BA GebäudevermietungsgmbH","AT"
"529900Q7PU3EB1KB3V45","BA-CA Presto Leasing GmbH","AT"
"529900SMC415G939C384","BACA Leasing und Beteiligungsmanagement GmbH","AT"
"5299007GACKJ2ST94Y55","BA-CA Leasing MAR Immobilien GmbH","AT"
"529900I82C9R5WD5YR07","BA-CA Leasing Drei Garagen GmbH","AT"
"529900HKHMFSRNLP3M76","BACA Leasing Carmen GmbH","AT"
"529900WVACOBRSFEIZ65","BACA KommunalLeasing GmbH","AT"
"529900I37PA2FQ4BZ244","BACA HYDRA Leasing GmbH","AT"
"5299006B34ANR1HH4Z58","BA-CA Andante Leasing GmbH","AT"
"529900J4639KCHWRQL40","BA/CA-Leasing Beteiligungen GmbH","AT"
"529900ILPIYOVR78UX93","BA CA SECUND Leasing GmbH","AT"
"5299003SNCZ1JCMYTE71","Arno Grundstücksverwaltungs Gesellschaft m.b.H.","AT"
"529900MFAEZD7FAN9N26","ANTARES Immobilien Leasing Gesellschaft m.b.H.","AT"
"529900Q6P4NPT9JGOH02","ALMS Leasing GmbH.","AT"
"52990026PFY8PQ2UC257","Allegro Leasing Gesellschaft m.b.H.","AT"
"213800DW1L62N1BADM49","UNICREDIT JELZÁLOGBANK ZRT.","HU"
"549300BW0T0VJZ8YT598","BA-CA Markets & Investment Beteiligung Ges.m.b.H.","AT"
"549300ZTH28IORMT0H07","HUNILUX KERESKEDELMI ÉS GYÁRTÓ KFT.","HU"
"3157007C98ILJK5ST356","UniCredit Leasing CZ, a.s.","CZ"
"529900S5CWLHLLFODR80","UniCredit Leasing GmbH","DE"
"5299009C18DLOVA63Y86","UNIVERSALE International Realitäten GmbH","AT"
"549300A3K0DM0UWTAQ37","UNICREDIT LEASING CORPORATION IFN SA","RO"
"549300RGT0JMDJZKVG34","UNICREDIT BANK D.D.","BA"
"315700H9WMTTK29MHG75","UniCredit Fleet Management, s.r.o.","CZ"
"315700RM570GT2YR9K85","UniCredit Factoring Czech Republic and Slovakia, a.s.","CZ"
"549300C70MG9WBFGD996","ZB Private World osnovni alternativni investicijski fond s privatnom ponudom","HR"
"529900ESWL1AEC189F69","Schoellerbank Aktiengesellschaft","AT"
"529900T860I1EGF4AB55","Schoellerbank Invest AG","AT"
"529900ICFDQRUNSXM915","Wealth Management Capital Holding GmbH","DE"
"549300T0RFRCQ7Z21884","ZB Invest d.o.o. za upravljanje investicijskim fondovima","HR"
"5493005JKMAVFLPESA69","ELEKTRA PURCHASE NO. 911 LTD","JE"
"529900AXUGQC7E2M7N91","Lufthansa Systems GmbH","DE"
"529900DTQJ1MSKEYNF35","LUFTHANSA TECHNIK AIRMOTIVE IRELAND LEASING LIMITED","IE"
"52990022VR1G64LO5689","Group Engine Management GmbH","DE"
"5299009T3KWOCYE8BD14","LUFTHANSA MALTA AIRCRAFT-LEASING LTD","MT"
"5299001Y3VWOFN2DGL03","LHAMI LEASING LIMITED","IE"
"529900F61J2XA3NK9979","Lufthansa Aviation Training GmbH","DE"
"5299004NWPDE4L4VC454","LUFTHANSA MALTA CORPORATE FINANCE LIMITED","MT"
"5299000AF58N6DVTY088","Miles & More GmbH","DE"
"5299001M8IZ7PBJR1Y18","Lufthansa Global Business Services GmbH","DE"
"5299005C3ALN0FW10R56","Lufthansa Aviation Training Switzerland AG","CH"
"529900Q3QYV322RCXV42","Swiss International Air Lines AG","CH"
"5299007XKM5UOG77O612","Austrian Airlines Lease and Finance Company Limited","GG"
"529900P6LJ5CGTIUNN89","AIR DOLOMITI S.P.A. - LINEE AEREE REGIONALI EUROPEE","IT"
"529900RF2834I0MC2L78","City Airlines GmbH","DE"
"529900JZ3HPIWJWLNL56","Lufthansa Leasing Austria 1. Beteiligungs GmbH","AT"
"529900U2L2B187C8DU16","LUFTHANSA TECHNIK TURBINE SHANNON LIMITED","IE"
"5299000VMYT0UGXVZN87","LUFTHANSA TECHNIK SOFIA","BG"
"529900YLDY70L7O07T27","Lufthansa Systems Hungaria Információs Technikai Szolgáltató és Szervíz Korlátolt Felelosségu Társaság","HU"
"5299005LAFRILI4X6N79","Lufthansa Technik Budapest Repülőgép Karbantartó és Nagyjavító Korlátolt Felelősségű Társaság","HU"
"5299000Q61YII5IIPF54","Lufthansa Technik AERO Alzey GmbH","DE"
"529900PR1JVFLM9HSV81","Lufthansa Aviation Training Germany GmbH","DE"
"529900A7M4R1210U9P03","LUFTHANSA SYSTEMS POLAND SPÓŁKA Z OGRANICZONĄ ODPOWIEDZIALNOŚCIĄ","PL"
"529900J7BAJVP3O1WQ70","Albatros Versicherungsdienste Gesellschaft mit beschränkter Haftung","DE"
"529900046FVSVFC80V70","Lufthansa AirPlus Servicekarten GmbH","DE"
"529900XFN4E5DO3EOC30","Germanwings GmbH","DE"
"529900TUNVSQFZ481607","Lufthansa CityLine GmbH","DE"
"529900H9AT7W54KGHF30","LUFTHANSA TECHNIK LANDING GEAR SERVICES UK LIMITED","GB"
"529900W6ATZF1SBHMQ02","Lufthansa Technik Aktiengesellschaft","DE"
"52990062TWNTBB4FZ290","Lufthansa Cargo Aktiengesellschaft","DE"
"529900LMTI8YSE62EI88","Austrian Airlines AG","AT"
"213800WR5NOVOEYFLN72","يونيليفر مشرق للصناعة و التجارة ش م م","EG"
"213800IPN2AVTPFEY722","تاول يونيليفر","OM"
"213800MPL3D46PKHTY36","UNILEVER DE CENTRO AMERICA SOCIEDAD ANONIMA DE CAPITAL VARIABLE","SV"
"213800BRJ9LYIW3Z7L42","UNILEVER REGIONAL SERVICES PANAMA S.A.","PA"
"213800MQ6DXRNJ395137","UL COSTA RICA SCC SOCIEDAD ANONIMA","CR"
"213800AV41W7VFZ1D131","UNILEVER DE PUERTO RICO, INC","PR"
"21380056OKZR5M1PTT56","UNILEVER DE CENTROAMERICA, S.A.","PA"
"2138006HP23N8GYS9Q88","UNILEVER EL SALVADOR SCC, SOCIEDAD ANONIMA DE CAPITAL VARIABLE","SV"
"2138007VAW5DY3H8W892","UNILEVER CARIBBEAN LIMITED","TT"
"213800VWNVQTFDNC6D33","UNILEVER CARIBE, S.A.","DO"
"549300MJOLZ1Y6N1RN58","ROLON B.V.","NL"
"549300NKVNJWXBDMWC62","ARGENTINA INVESTMENTS B.V.","NL"
"549300YZOCJEJTXIGZ75","BEIGEL & BEIGEL MAZON (1985) LTD.","IL"
"549300AULPGRBFCQHU32","UNILEVER ISRAEL HOME AND PERSONAL CARE LTD","IL"
"549300M7Z0QGKMRGQI27","UNILEVER ISRAEL FOODS LTD","IL"
"549300VWGK6VDYE07K51","UNILEVER VENTURES III L.P.","GB"
"549300JDEB2OPC0A5F18","TWENTY NINE CAPITAL PARTNERS LIMITED PARTNERSHIP","GB"
"5493007ZV9V31T20K571","TWENTY NINE CAPITAL PARTNERS (GENERAL PARTNER) LIMITED","GB"
"549300FDMSUHKT8PXB93","EKATERRA SERVICE INDIA PRIVATE LIMITED","IN"
"549300OE23SIZ7E43C78","EKATERRA RESEARCH AND DEVELOPMENT INDIA PRIVATE LIMITED","IN"
"549300M15VIRFQT7RG91","PAULA'S CHOICE EUROPE B.V.","NL"
"549300CI13TTRZSRJV34","RIZOFOOR B.V.","NL"
"549300P1BW0YOP2GMX46","UNILEVER TURKEY HOLDINGS B.V.","NL"
"549300YYRT3XLIRLLL59","UNILEVER INDONESIA HOLDING B.V.","NL"
"5493002I3S7TGKYK0P44","UNILEVER GLOBAL IP LIMITED","GB"
"549300LNGZ07WC5K8A26","UNILEVER PL NETHERLANDS B.V.","NL"
"549300FB5QF8WKFR3051","UNILEVER IP HOLDINGS B.V.","NL"
"549300SWJ4YK4LLNT176","UNILEVER FINANCE NETHERLANDS B.V.","NL"
"549300LEOFS81KZV6110","UNILEVER SOUTH CENTRAL EUROPE SA","RO"
"549300F5MGXJMIQJJT30","유니레버코리아（주）","KR"
"549300L7KK5SSD1CE028","UNILEVER DE ARGENTINA S A","AR"
"54930059AYBFBM5Y2L55","DERMALOGICA (UK) LIMITED","GB"
"549300QLB3B44URIM722","UNILEVER ROMANIA SA","RO"
"549300UTZ28EB4QVWS85","RATIONAL INTERNATIONAL ENTERPRISES LIMITED","IM"
"5493008RYEFDBTXMVF44","BLUEAIR AB","SE"
"549300ORS5KCRGSJJG24","LIPOMA B.V.","NL"
"5493001JK5LQMHN8SL14","MAVIBEL (MAATSCHAPPIJ VOOR INTERNATIONALE BELEGGINGEN) B.V.","NL"
"549300HZPMLS59IYHW02","MARGA B.V.","NL"
"549300F7JG0KNKXWKZ08","VERENIGDE ZEEPFABRIEKEN B.V.","NL"
"5493007RFDH5H09ILU32","BRAZINVEST B.V.","NL"
"549300REO5QF1SB6GI95","ROLF VON DEN BAUMEN'S VETSMELTERIJ B.V.","NL"
"549300J42PEORM8HGR17","UNILEVER VENTURES HOLDINGS B.V.","NL"
"549300FFQECOEXLSUZ76","UNILEVER S.K. HOLDINGS LIMITED","GB"
"549300TPFN3KKJB11W19","UNILEVER FOODS & REFRESHMENTS GLOBAL B.V.","NL"
"549300MYFXTPIIXSNK50","UNILEVER EUROPE B.V.","NL"
"549300H6H8BAYLUOGZ71","UNILEVER UNITED STATES, INC.","US"
"549300FYWDCTXXZQJQ90","UNILEVER ANDINA PERU S.A.","PE"
"549300ZYM6I6IJNZSL65","UNILEVER ANDINA COLOMBIA LTDA","CO"
"549300UBZRP8XMNLA119","UNILEVER BRASIL GELADOS LTDA","BR"
"549300U0U0LWGZBKVE61","UNILEVER CANADA INC.","CA"
"549300V2U8DC564CK756","UNILEVER GROUP LIMITED","GB"
"549300MD5X41UEQSKN80","UNILEVER U.K. HOLDINGS LIMITED","GB"
"549300MINO4CSLQEZY39","UNILEVER INDUSTRIES PRIVATE LIMITED","IN"
"5493003UBWGSYIWIWI94","UNILEVER OVERSEAS HOLDINGS LIMITED","GB"
"549300HWTESJD1V4UZ21","UNILEVER U.K. CENTRAL RESOURCES LIMITED","GB"
"54930041LANR8OLEDY41","UNILEVER SVERIGE AB","SE"
"5493006CQEEGKM6L5T06","UNILEVER SOUTH INDIA ESTATES LIMITED","GB"
"549300YSMMVVNUR1M834","CÔNG TY TNHH QUỐC TẾ UNILEVER VIỆT NAM","VN"
"5493007IW5N37IKRPM32","HINDUSTAN UNILEVER LIMITED","IN"
"549300X2FSMEMXGKF151","UNILEVER INDIA EXPORTS LIMITED","IN"
"549300LRI77T5F28OH18","UNILEVER FINANCE INTERNATIONAL B.V.","NL"
"549300DWD4D3B5EZJC04","CONOPCO, INC.","US"
"54930007WI2JLQ7TRP44","UNILEVER BRASIL LTDA.","BR"
"549300DZL0C3ZT51Z154","UNILEVER BRASIL INDUSTRIAL LTDA","BR"
"549300Y5DWNPH2EAYP47","UNILEVER ASIA PRIVATE LIMITED","SG"
"MYF1DAS6G5WY7PRWCU78","UNILEVER CAPITAL CORPORATION","US"
"549300PQZEXBBQ5SLU78","UNILEVER INDIA LIMITED","IN"
"5493008EU8J8PL7Y5C92","UNILEVER SWISS HOLDINGS AG","CH"
"21380086CDUT1PKKGC97","UNILEVER PMT LIMITED","CY"
"5493004WG8IWNC2YNH92","UTIC DISTRIBUTION S.A.","TN"
"549300XJNWG0Q07SE896","UNILEVER DEL URUGUAY S.R.L.","UY"
"5493003T9FC00681FQ76","UNILEVER UKRAINE LLC","UA"
"549300DVX8CW8OWD1369","UNILEVER NEPAL LIMITED","NP"
"549300THBBC51SW1XC62","UNILEVER (MALAYSIA) HOLDINGS SDN. BHD.","MY"
"549300SWZPWJ6VCGG628","UNILEVER GHANA LIMITED","GH"
"549300UOQCCRI2H47B94","UNILEVER TEA KENYA LIMITED","KE"
"5493002929RGNEAQBG37","ASOCIACION DE EMPLEADOS DE UNILEVER DE PARAGUAY SA (ASEUPSA)","PY"
"549300KH3XDPHJ5O8L97","UNILEVER TAIWAN LTD.","TW"
"5493008LO91Z9AW4MF72","UNILEVER LIPTON CEYLON LIMITED","LK"
"549300SO9Y18J63KY369","UNILEVER - ZIMBABWE (PVT) LIMITED","ZW"
"549300711LWQZIF20Y32","UNILEVER-COTE D'IVOIRE","CI"
"54930077ALXXZ725SH62","UNILEVER SOUTH AFRICA","ZA"
"549300UUKNDLZODFOI66","PONDS EXPORTS LIMITED","IN"
"5493008E6EOF5QH4MW05","UNILEVER FOODS (MALAYSIA) SDN. BHD.","MY"
"5493007CCEGUTA82RW04","UNILEVER OVERSEAS HOLDINGS B.V.","NL"
"549300QJXEB6PZF1P432","UNILEVER UK & CN HOLDINGS LIMITED","GB"
"549300SX7LKM3752HG14","UNILEVER OVERSEAS HOLDINGS AG","CH"
"5493001420Q57WID6217","LAKME LEVER PRIVATE LIMITED","IN"
"2138009I1PA8O8COMX38","NATURE DELIVERED LIMITED","GB"
"724500RICHZNOED3K275","Univest Company B.V.","NL"
"5493007QO5QAR13I3M16","UNILEVER POLSKA SPÓŁKA AKCYJNA","PL"
"549300BVIWZN69JE8P07","UNILEVER UK LIMITED","GB"
"549300GSRCQZCOFL8672","UNILEVER MAGYARORSZÁG KFT.","HU"
"54930011088BWM62XI45","UNILEVER POLSKA SPÓŁKA Z OGRANICZONĄ ODPOWIEDZIALNOŚCIĄ","PL"
"5493006VU2HFXGSBFT75","TIGI INTERNATIONAL LIMITED","GB"
"549300SE1UII3HYCP132","MIXHOLD B.V.","NL"
"549300U64EZAIWAZ8097","UNILEVER ASSAM ESTATES LIMITED","GB"
"5493008BVNEL8546MK03","UNILEVER IRELAND LIMITED","IE"
"5493005ZCW4U9X373Y29","UNUS HOLDING B.V.","NL"
"549300HDCRTBPEURI316","UNILEVER ČR, spol. s r.o.","CZ"
"549300ZX1OABOSP3K616","UNILEVER INSURANCES N.V.","NL"
"5493001V0ITTX5DZPE20","UNILEVER RFM ICE CREAM INC.","PH"
"5493000KMHOLKOKRQH34","UNILEVER SRI LANKA LIMITED","LK"
"549300I0GSVZLESF0374","UNILEVER PHILIPPINES, INC.","PH"
"549300NQTXXC75T4U228","UNILEVER (CHINA) CO., LTD.","CN"
"5493007TAZ38XZ6CIE61","UNILEVER PAKISTAN FOODS LIMITED","PK"
"549300P481QIQARJQI17","联合利华服务（合肥）有限公司","CN"
"5493000SL9LZZ6YZPU12","บริษัท ยูนิลีเวอร์ ไทย เทรดดิ้ง จำกัด","TH"
"549300G9QZ08PUODV127","UNILEVER THAI SERVICES CO LTD","TH"
"549300X6C61HNLIHAZ94","UNILEVER PAKISTAN LIMITED","PK"
"549300MUHUFNRRI19O72","PT UNILEVER INDONESIA TBK","ID"
"549300XEOB85AXEXN594","บริษัท ยูนิลีเวอร์ ไทย โฮลดิ้งส์ จำกัด","TH"
"5493000DGQV6XEQTMA79","UNILEVER SANAYI VE TICARET TURK ANONIM SIRKETI","TR"
"549300HE1YLI2F7GWC55","UNILEVER FINANCE INTERNATIONAL AG","CH"
"2549008YU9EOMHFUA249","Apple Operations India Pvt. Ltd.","IN"
"5493004QI6E3PJNCEB09","APPLE CHILE COMERCIAL LIMITADA","CL"
"549300YX4S1LLSMK2627","APPLE ENERGY LLC","US"
"5493006LHHR4CLPX4Q79","BRAEBURN CAPITAL, INC.","US"
"549300G81RQKP7XW2N18","APPLE OPERATIONS INTERNATIONAL LIMITED","IE"
"549300UJWEUFNYXPJ620","APPLE COMPUTER BRASIL LTDA.","BR"
"549300MF6CNUB2URPE58","APPLE OPERATIONS MEXICO SA DE CV","MX"
"5493004SYPRAVRVNK561","APPLE CANADA INC","CA"
"5493007Y31O7VTA60Y74","APPLE COMPUTER TRADING (SHANGHAI) CO., LTD.","CN"
"549300XL0CAPYOJAG264","APPLE INDIA PRIVATE LIMITED","IN"
"5493004DRENYD68POX17","APPLE TEKNOLOJİ VE SATIŞ LİMİTED ŞİRKETİ","TR"
"549300MGN03W4U2NK749","APPLE OPERATIONS LIMITED","IE"
"549300QKDHYRRQH2MB86","APPLE (UK) LIMITED","GB"
"5493004NRK1XLI2A3K89","有限会社アップルジャパンホールディングス (Apple Japan合同会社)","JP"
"54930064XZWGVDHF4G62","APPLE SALES NEW ZEALAND","NZ"
"549300GF4NZMYB9VP153","APPLE PTY LIMITED","AU"
"549300JTZWECUOC8CW13","애플코리아 유한회사","KR"
"5493004NKTUXS10HUX68","APPLE SOUTH ASIA PTE. LTD.","SG"
"54930027SQL2KPSDBM58","APPLE DISTRIBUTION INTERNATIONAL LIMITED","IE"
"2138007MRI6ND89YY940","COCA-COLA HOLDINGS AFRICA LIMITED","GB"
"335800C1KV5TPG2GEX70","HINDUSTAN COCA-COLA HOLDINGS PRIVATE LIMITED","IN"
"335800S9IH4ZCL5Z4F95","COCA COLA INDIA PRIVATE LIMITED","IN"
"549300DIVO0BXH2SBY91","BEVERAGE FINANCIAL CENTRE UNLIMITED COMPANY","IE"
"5493005GWX2HVMZNEO34","RED LIFE REINSURANCE LIMITED","BM"
"213800U2NC79HDGLZN36","COSTA LIMITED","GB"
"549300P5FQEW7DOYK240","THE MINUTE MAID COMPANY CANADA INC.","CA"
"549300IP7H46C3FB8404","ATLANTIC INDUSTRIES","KY"
"5493001RKAD4FENO1G74","EUROPEAN REFRESHMENTS UNLIMITED COMPANY","IE"
"549300GVKMPD2UBZF867","FRESH TRADING LIMITED","GB"
"5493009XDLC6P0EM1723","INNOCENT LIMITED","GB"
"549300MXFSNRJMYFLM46","Line Global, LLC","US"
"98450076FE4A83A4F419","NETFLIX WORLDWIDE PRODUCTIONS, LLC","US"
"549300ZIEXERVNP8XK18","Scanline VFX LA, LLC","US"
"724500HYJ0NWTYX7KO74","Netflix International B.V.","NL"
"254900FT4XJ2MNNHOV07","THE WALT DISNEY COMPANY (SOUTHEAST ASIA) PTE. LIMITED","SG"
"54930051L749LLNOVE73","ABC NEWS INTERCONTINENTAL, INC.","US"
"969500FZ2VNB81C46W67","EURO DISNEY ASSOCIES SAS","FR"
"254900IM9BUUJTALDP69","Disney Enterprises, Inc.","US"
"254900PYMROTF0EIBD45","Star US Holdings Subsidiary, LLC","US"
"549300NL4XBNT0DX2J71","EssilorLuxottica Re","LU"
"69940091F7K5NX5HXF05","Retail Optical Stores Belgium","BE"
"89450081GZZ43QTYMN88","Grand Opticiens Belgium","BE"
"335800XN3TLVKZDB1A49","ESSILOR INDIA PRIVATE LIMITED","IN"
"549300B206THJHUTBP43","ESSILOR INTERNATIONAL","FR"
"549300SDDBLYMENCB570","LUXOTTICA NORTH EUROPE LIMITED","GB"
"549300OVVY2IW4A3M076","LUXOTTICA HOLLAND B.V.","NL"
"54930097Y6IFIMUWJC69","LUXOTTICA SPAIN SL","ES"
"549300P33YI6QWPI9E14","LUXOTTICA RETAIL UK LTD","GB"
"549300GXQR5UIJFUTW31","LUXOTTICA S.R.L.","IT"
"549300I1NMOBS4B1LT88","LUXOTTICA GROUP SPA","IT"
"635400IRTPCASED1XH42","ORGANIC LENS MANUFACTURING OLM LIMITED","IE"
"549300B6P0UZZLGKE796","ESSILORLUXOTTICA USA INC.","US"
"3358007MD8NFWEKRC164","RAYBAN SUN OPTICS INDIA PRIVATE LIMITED","IN"
"549300VW6R2NNTWFB821","VISION DIRECT B.V.","NL"
"5493003NE3LX8VLUVK24","LensWay Group AB","SE"
"549300X7KXMBP1V42N81","OPTICAL SUPPLIES MIDDLE EAST FZE","AE"
"5493006ID8PU5DEXDO97","LensOn AB","SE"
"54930019V5SB6EJM2H90","Polycore Optical (Pte) Ltd","SG"
"549300OGMPCNFJUMJ659","LENSWAY B.V.","NL"
"549300PBHN7G23NA7J97","ESSILOR - OPTIKA, SPOL. S R.O.","CZ"
"391200ZZPVWSHS2QE753","Rupp + Hubrach Optik GmbH","DE"
"549300BSNZQC1S096092","HOLLAND OPTICAL COMPANY B.V.","NL"
"549300VVBIRW6VQJLS82","POLYCORE OPTICAL (HONG KONG) LIMITED","HK"
"549300QXUC05PHJGB915","ILT LATIN AMERICA PTE. LTD.","SG"
"549300IW10AMZJY6MT60","VISIONHUB","FR"
"549300EM43S0YRGIMU78","FGX Canada Corp.","CA"
"549300OO89TODXM8FJ80","FABRIS LANE LTD.","GB"
"894500MQIC6HSO5CA924","ESSILOR BELGIUM","BE"
"549300VVY6OPXP56J831","ESSILOR TECHNOLOGY + SERVICES CENTER SWITZERLAND AG","CH"
"549300CR9TBLZ3CGBS13","TRANSITIONS OPTICAL PTY LTD","AU"
"335800KLB3BNLTXGOK06","GKB OPTIC TECHNOLOGIES PRIVATE LIMITED","IN"
"549300CBTY8VRAGK2167","NIKON OPTICAL U.K. LIMITED","GB"
"5493004WTHSS6OWNHE94","EYEBIZ LABORATORY (THAILAND) CO.,LTD.","TH"
"549300P1LHUDFRM6G143","Instru Optiikka Oy","FI"
"549300Z2UVWOX086RH29","4CARE GMBH","DE"
"54930040NVHI566OSB56","JZO SPÓŁKA AKCYJNA","PL"
"5493009H72X8TTX98V31","ESEL OPTIK MAKINALARI ITHALAT IHRACAT PAZARLAMA VE TICARET ANONIM SIRKETI","TR"
"549300XTY6LAIQSLES59","ESSILOR SOUTH AFRICA","ZA"
"549300QLNL4I2WV7SD23","ESSILOR NEDERLAND HOLDING B.V.","NL"
"549300I9Q60NVVS6I257","ESSILOR POLONIA SPÓŁKA Z OGRANICZONĄ ODPOWIEDZIALNOŚCIĄ","PL"
"549300101YTPRIMUGT82","DELAMARE SOVRA SAS","FR"
"5493007R0TMUUHXERD78","OPAK OPTIK SANAYI VE TICARET ANONIM SIRKETI","TR"
"549300R4FNKEIE8UY208","FGX INTERNATIONAL INC.","US"
"549300ZT42UG9CGDPX98","SATISLOH ASIA LIMITED","HK"
"549300L1BI3GK8BXJQ09","BNL EUROLENS","FR"
"549300Z5N7CQSDUVWP11","MERVE OPTİK SANAYİ VE TİCARET ANONİM ŞİRKETİ","TR"
"5493001SAW5Z3K2QZW55","FGX Latin America S. de R.L. de C.V.","MX"
"549300FWRDT5UDU8HR60","ARTGRI GROUP INTERNATIONAL PTE. LTD.","SG"
"549300M1SLMSDGML5M49","TRANSITIONS OPTICAL (S) PTE. LTD.","SG"
"549300RI7DPPJD4J3721","INTEGRATED LENS TECHNOLOGY PTE. LTD.","SG"
"549300VVTM0BODUHZQ37","NIKON ESSILOR CO LIMITED","JP"
"549300G0GSODGZH94Z69","VISION DIRECT EUROPE LTD","GB"
"5493008M0U92PEH43O65","DE CEUNYNCK & C°","BE"
"549300J6YMCJ7SQIN765","EMNUK LIMITED","GB"
"5493003X2PANQ4S0EH05","TRANSITIONS OPTICAL HOLDINGS B.V.","NL"
"549300Z2ZATO1VJZGF48","ESSILOR ROMANIA SRL","RO"
"5493009N0J5CNP5J5347","Cristal Y Plastico de Mexico S.A de C.V.","MX"
"549300QC7ICA7PHDZF61","Essilor Mexico, S.A De C.V.","MX"
"549300U7G18WDOTDJE77","ESSILOR ITALIA SOCIETA' PER AZIONI","IT"
"549300SEZE2LQYOSAS93","ESSILOR OPTICA INTERNATIONAL HOLDING SL","ES"
"549300JMVCPEO24OMS31","ESSILOR OPTIKA KORLÁTOLT FELELŐSSÉGŰ TÁRSASÁG","HU"
"549300OLR5MFDQ1EO879","ESSILOR NORGE AS","NO"
"5493003SX1SBIYIFTC71","IPEK OPTIK URUNLERI SANAYI VE TICARET ANONIM SIRKETI","TR"
"549300JLJFNLXMFJTI97","ESSILOR TIJUANA OPTICA S DE RL DE CV","MX"
"549300YKE0DE3IU74762","SATISLOH NORTH AMERICA, INC.","US"
"5493002XSNOUUFLKXK27","ESSILOR GROUP CANADA INC.","CA"
"549300FI3D0FOVD2QZ58","FGX EUROPE LIMITED","GB"
"549300PSTW0LE1YMKN37","SOFI DE CHIHUAHUA SA DE CV","MX"
"549300J7H1RQ24SIZ225","PT OPTICAL PARTNERS INDONESIA","ID"
"549300VQVIU1GBD0RH55","SATISLOH ITALY S.R.L.","IT"
"549300DB4NZ7CK3X6R57","SYNOPTIK NORGE AS","NO"
"5493004P365T6WOJNR46","VISION EXPRESS (UK) LIMITED","GB"
"5493002PWZF94U45O726","APOLLO-OPTIK HOLDING GMBH & CO. KG","DE"
"5493005FXRVEIG8SRV35","GRANDVISION FRANCE","FR"
"5493001IXBCR0DBMT021","GRANDVISION HUNGARY KORLÁTOLT FELELŐSSÉGŰ TÁRSASÁG","HU"
"549300YD2C3QFXNLSX70","GRANDVISION CZ S.R.O.","CZ"
"7245003DSUUXRQRX3A47","GrandVision Supply Chain B.V.","NL"
"549300GKZ7ZVO2CI5U81","NIKON OPTICAL CANADA INC.","CA"
"549300XZL5FXZNJIKL66","TECHNOLOGIES HUMANWARE INC.","CA"
"549300RH4UVBU5XGFE31","OSA INVESTMENTS HOLDINGS PTE. LTD.","SG"
"549300EXXKH0V10CGH02","ESSILOR NEDERLAND B.V.","NL"
"549300J8JZ4ZGOH93H22","TRANSITIONS OPTICAL LIMITED","IE"
"54930018UN596IHLRW36","DAC VISION","FR"
"724500LP44IH58MTAM38","GrandVision Finance B.V.","NL"
"549300GUQK2RPMND7R49","Essilor Aktiebolag","SE"
"5493002JEF6K68XBUF21","SATISLOH AG","CH"
"549300IIH01NSEG1DK07","LTL S.P.A.","IT"
"549300ZS81M8OQHJSO40","ESSILOR EUROPEAN SHARED SERVICE CENTER LIMITED","GB"
"5493008X0EWE6B6KZV25","ESSIDEV","FR"
"549300Y0SP54S0CH2B58","SATISLOH GMBH","DE"
"549300Z5TZK5XDBGWS98","SATISLOH HOLDING AG","CH"
"549300J195RNZCVP3838","ESSILOR (SUISSE) SA","CH"
"549300IO7A3COKZLY481","ESSILOR AMERA PTE. LTD.","SG"
"549300Y2X0LIF7TR8V70","WHOLESALE LENS CORPORATION LIMITED","GB"
"549300JNOEGKUYES6V84","BBGR LIMITED","GB"
"549300M7R6X5LJOH0491","""ESSILOR OPTICAL LABORATORY POLSKA"" SPÓŁKA Z OGRANICZONĄ ODPOWIEDZIALNOŚCIĄ","PL"
"549300K0QWI1YUM0XR14","INVOPTIC","FR"
"549300XM19CFWDDX8D65","ESSILOR LIMITED","GB"
"5493000G3CNQTWPBZA31","BB GR","FR"
"549300TI1COTFUWYJC68","REIZE OPTIK AG","CH"
"5493002Z1PPD26D0QT04","ESSILOR AUSTRALIA PTY LTD","AU"
"549300L4XQP3GVOHVC84","ESSILOR NEW ZEALAND LIMITED","NZ"
"549300UBIO330OYX3Y53","MYOPTIQUE GROUP LTD","GB"
"549300IGBKRNYYK2E973","ESSILOR OF AMERICA, INC.","US"
"549300TCEMHQ8ZPOQN53","TRANSITIONS OPTICAL PHILIPPINES, INC.","PH"
"549300V6XZN8U57X4711","TRANSITIONS OPTICAL (THAILAND) COMPANY LIMITED","TH"
